# ************************************************************
# Sequel Pro SQL dump
# Version 4541
#
# http://www.sequelpro.com/
# https://github.com/sequelpro/sequelpro
#
# Host: 11.11.11.11 (MySQL 5.7.18-log)
# Database: pest
# Generation Time: 2019-08-17 11:30:32 +0000
# ************************************************************


/*!40101 SET @OLD_CHARACTER_SET_CLIENT=@@CHARACTER_SET_CLIENT */;
/*!40101 SET @OLD_CHARACTER_SET_RESULTS=@@CHARACTER_SET_RESULTS */;
/*!40101 SET @OLD_COLLATION_CONNECTION=@@COLLATION_CONNECTION */;
/*!40101 SET NAMES utf8 */;
/*!40014 SET @OLD_FOREIGN_KEY_CHECKS=@@FOREIGN_KEY_CHECKS, FOREIGN_KEY_CHECKS=0 */;
/*!40101 SET @OLD_SQL_MODE=@@SQL_MODE, SQL_MODE='NO_AUTO_VALUE_ON_ZERO' */;
/*!40111 SET @OLD_SQL_NOTES=@@SQL_NOTES, SQL_NOTES=0 */;


# Dump of table admin_menu
# ------------------------------------------------------------

LOCK TABLES `admin_menu` WRITE;
/*!40000 ALTER TABLE `admin_menu` DISABLE KEYS */;

INSERT INTO `admin_menu` (`id`, `parent_id`, `order`, `title`, `icon`, `uri`, `permission`, `created_at`, `updated_at`)
VALUES
	(2,0,1,'Admin','fa-tasks','',NULL,NULL,'2019-08-14 11:03:29'),
	(3,2,2,'Users','fa-users','auth/users',NULL,NULL,'2019-08-14 11:03:29'),
	(4,2,3,'Roles','fa-user','auth/roles',NULL,NULL,'2019-08-14 11:03:29'),
	(5,2,4,'Permission','fa-ban','auth/permissions',NULL,NULL,'2019-08-14 11:03:29'),
	(6,2,5,'Menu','fa-bars','auth/menu',NULL,NULL,'2019-08-14 11:03:29'),
	(7,2,6,'Operation log','fa-history','auth/logs',NULL,NULL,'2019-08-14 11:03:29'),
	(8,0,8,'用户','fa-user-secret',NULL,NULL,'2019-08-13 18:04:27','2019-08-14 11:06:18'),
	(9,0,11,'题库','fa-credit-card',NULL,NULL,'2019-08-13 18:04:51','2019-08-14 11:06:18'),
	(10,9,13,'作答情况','fa-file-word-o','/records',NULL,'2019-08-13 18:25:17','2019-08-14 11:06:18'),
	(11,8,9,'用户列表','fa-user','/users',NULL,'2019-08-13 20:51:16','2019-08-14 11:06:18'),
	(12,9,12,'题目列表','fa-question-circle','/questions',NULL,'2019-08-13 20:52:51','2019-08-14 11:06:18'),
	(13,8,10,'班级列表','fa-graduation-cap','/grades',NULL,'2019-08-13 22:04:07','2019-08-14 11:06:18'),
	(15,0,7,'首页','fa-bar-chart','/charts',NULL,'2019-08-14 11:05:58','2019-08-14 11:06:18');

/*!40000 ALTER TABLE `admin_menu` ENABLE KEYS */;
UNLOCK TABLES;


# Dump of table admin_operation_log
# ------------------------------------------------------------

LOCK TABLES `admin_operation_log` WRITE;
/*!40000 ALTER TABLE `admin_operation_log` DISABLE KEYS */;

INSERT INTO `admin_operation_log` (`id`, `user_id`, `path`, `method`, `ip`, `input`, `created_at`, `updated_at`)
VALUES
	(1,1,'admin/auth/login','POST','11.11.11.1','{\"username\":\"admin\",\"password\":\"admin\",\"remember\":\"1\",\"_token\":\"ruRgDmz78dccgXmIbxZ9yfETWVdvZIBw3pKRPRb9\"}','2019-08-13 18:03:40','2019-08-13 18:03:40'),
	(2,1,'admin','GET','11.11.11.1','[]','2019-08-13 18:03:42','2019-08-13 18:03:42'),
	(3,1,'admin/auth/menu','GET','11.11.11.1','{\"_pjax\":\"#pjax-container\"}','2019-08-13 18:03:50','2019-08-13 18:03:50'),
	(4,1,'admin/auth/menu','POST','11.11.11.1','{\"parent_id\":\"0\",\"title\":\"\\u7528\\u6237\\u5217\\u8868\",\"icon\":\"fa-user\",\"uri\":\"\\/users\",\"roles\":[null],\"permission\":null,\"_token\":\"qTkmkZQHy7tfi5HyKYzjqzWQjutz6UiDfw6vqOfx\"}','2019-08-13 18:04:27','2019-08-13 18:04:27'),
	(5,1,'admin/auth/menu','GET','11.11.11.1','[]','2019-08-13 18:04:29','2019-08-13 18:04:29'),
	(6,1,'admin/auth/menu','POST','11.11.11.1','{\"parent_id\":\"0\",\"title\":\"\\u9898\\u76ee\\u5217\\u8868\",\"icon\":\"fa-question\",\"uri\":\"\\/questions\",\"roles\":[null],\"permission\":null,\"_token\":\"qTkmkZQHy7tfi5HyKYzjqzWQjutz6UiDfw6vqOfx\"}','2019-08-13 18:04:51','2019-08-13 18:04:51'),
	(7,1,'admin/auth/menu','GET','11.11.11.1','[]','2019-08-13 18:04:53','2019-08-13 18:04:53'),
	(8,1,'admin/auth/menu','GET','11.11.11.1','[]','2019-08-13 18:04:57','2019-08-13 18:04:57'),
	(9,1,'admin/questions','GET','11.11.11.1','{\"_pjax\":\"#pjax-container\"}','2019-08-13 18:05:01','2019-08-13 18:05:01'),
	(10,1,'admin/users','GET','11.11.11.1','{\"_pjax\":\"#pjax-container\"}','2019-08-13 18:05:06','2019-08-13 18:05:06'),
	(11,1,'admin/users','GET','11.11.11.1','[]','2019-08-13 18:06:57','2019-08-13 18:06:57'),
	(12,1,'admin/users','GET','11.11.11.1','[]','2019-08-13 18:09:21','2019-08-13 18:09:21'),
	(13,1,'admin/users','GET','11.11.11.1','[]','2019-08-13 18:10:11','2019-08-13 18:10:11'),
	(14,1,'admin/users','GET','11.11.11.1','[]','2019-08-13 18:13:22','2019-08-13 18:13:22'),
	(15,1,'admin/users/1/edit','GET','11.11.11.1','{\"_pjax\":\"#pjax-container\"}','2019-08-13 18:13:25','2019-08-13 18:13:25'),
	(16,1,'admin/users/1/edit','GET','11.11.11.1','[]','2019-08-13 18:13:46','2019-08-13 18:13:46'),
	(17,1,'admin/users/1','PUT','11.11.11.1','{\"name\":\"vv\",\"number\":\"123\",\"grade\":{\"id\":\"2\"},\"_token\":\"qTkmkZQHy7tfi5HyKYzjqzWQjutz6UiDfw6vqOfx\",\"_method\":\"PUT\"}','2019-08-13 18:13:52','2019-08-13 18:13:52'),
	(18,1,'admin/users/1/edit','GET','11.11.11.1','[]','2019-08-13 18:13:54','2019-08-13 18:13:54'),
	(19,1,'admin/users/1/edit','GET','11.11.11.1','[]','2019-08-13 18:14:24','2019-08-13 18:14:24'),
	(20,1,'admin/users/1','PUT','11.11.11.1','{\"name\":\"vv\",\"number\":\"123\",\"grade\":\"2\",\"_token\":\"qTkmkZQHy7tfi5HyKYzjqzWQjutz6UiDfw6vqOfx\",\"_method\":\"PUT\"}','2019-08-13 18:14:30','2019-08-13 18:14:30'),
	(21,1,'admin/users','GET','11.11.11.1','[]','2019-08-13 18:14:31','2019-08-13 18:14:31'),
	(22,1,'admin/users','GET','11.11.11.1','[]','2019-08-13 18:14:49','2019-08-13 18:14:49'),
	(23,1,'admin/users/1/edit','GET','11.11.11.1','{\"_pjax\":\"#pjax-container\"}','2019-08-13 18:14:51','2019-08-13 18:14:51'),
	(24,1,'admin/users/1','PUT','11.11.11.1','{\"name\":\"vv\",\"number\":\"123\",\"grade_id\":\"2\",\"_token\":\"qTkmkZQHy7tfi5HyKYzjqzWQjutz6UiDfw6vqOfx\",\"_method\":\"PUT\",\"_previous_\":\"http:\\/\\/pest.vv.com\\/admin\\/users\"}','2019-08-13 18:14:56','2019-08-13 18:14:56'),
	(25,1,'admin/users','GET','11.11.11.1','[]','2019-08-13 18:14:57','2019-08-13 18:14:57'),
	(26,1,'admin/users','GET','11.11.11.1','[]','2019-08-13 18:17:54','2019-08-13 18:17:54'),
	(27,1,'admin/users','GET','11.11.11.1','{\"id\":null,\"grade_id\":\"1\",\"_pjax\":\"#pjax-container\"}','2019-08-13 18:18:05','2019-08-13 18:18:05'),
	(28,1,'admin/users','GET','11.11.11.1','{\"_pjax\":\"#pjax-container\",\"id\":null,\"grade_id\":\"2\"}','2019-08-13 18:18:10','2019-08-13 18:18:10'),
	(29,1,'admin/users','GET','11.11.11.1','{\"id\":null,\"grade_id\":\"2\"}','2019-08-13 18:18:22','2019-08-13 18:18:22'),
	(30,1,'admin/auth/menu','GET','11.11.11.1','{\"_pjax\":\"#pjax-container\"}','2019-08-13 18:23:01','2019-08-13 18:23:01'),
	(31,1,'admin/auth/menu','POST','11.11.11.1','{\"parent_id\":\"8\",\"title\":\"\\u7528\\u6237\\u7b54\\u9898\\u5217\\u8868\",\"icon\":\"fa-file-word-o\",\"uri\":\"\\/records\",\"roles\":[null],\"permission\":null,\"_token\":\"qTkmkZQHy7tfi5HyKYzjqzWQjutz6UiDfw6vqOfx\"}','2019-08-13 18:25:17','2019-08-13 18:25:17'),
	(32,1,'admin/auth/menu','GET','11.11.11.1','[]','2019-08-13 18:25:18','2019-08-13 18:25:18'),
	(33,1,'admin/auth/menu','GET','11.11.11.1','[]','2019-08-13 18:25:22','2019-08-13 18:25:22'),
	(34,1,'admin/records','GET','11.11.11.1','{\"_pjax\":\"#pjax-container\"}','2019-08-13 18:25:33','2019-08-13 18:25:33'),
	(35,1,'admin/records','GET','11.11.11.1','[]','2019-08-13 18:27:43','2019-08-13 18:27:43'),
	(36,1,'admin/records','GET','11.11.11.1','[]','2019-08-13 18:29:06','2019-08-13 18:29:06'),
	(37,1,'admin/records/1','GET','11.11.11.1','{\"_pjax\":\"#pjax-container\"}','2019-08-13 18:29:10','2019-08-13 18:29:10'),
	(38,1,'admin/records','GET','11.11.11.1','[]','2019-08-13 18:29:12','2019-08-13 18:29:12'),
	(39,1,'admin/records','GET','11.11.11.1','[]','2019-08-13 18:29:29','2019-08-13 18:29:29'),
	(40,1,'admin/questions','GET','11.11.11.1','{\"_pjax\":\"#pjax-container\"}','2019-08-13 20:15:48','2019-08-13 20:15:48'),
	(41,1,'admin/questions','GET','11.11.11.1','[]','2019-08-13 20:40:05','2019-08-13 20:40:05'),
	(42,1,'admin/questions','GET','11.11.11.1','[]','2019-08-13 20:41:44','2019-08-13 20:41:44'),
	(43,1,'admin/questions/1/edit','GET','11.11.11.1','{\"_pjax\":\"#pjax-container\"}','2019-08-13 20:41:51','2019-08-13 20:41:51'),
	(44,1,'admin/questions/1/edit','GET','11.11.11.1','[]','2019-08-13 20:42:29','2019-08-13 20:42:29'),
	(45,1,'admin/questions/1/edit','GET','11.11.11.1','[]','2019-08-13 20:43:19','2019-08-13 20:43:19'),
	(46,1,'admin/records','GET','11.11.11.1','{\"_pjax\":\"#pjax-container\"}','2019-08-13 20:43:30','2019-08-13 20:43:30'),
	(47,1,'admin/records','GET','11.11.11.1','[]','2019-08-13 20:44:10','2019-08-13 20:44:10'),
	(48,1,'admin/records','GET','11.11.11.1','[]','2019-08-13 20:46:06','2019-08-13 20:46:06'),
	(49,1,'admin/records','GET','11.11.11.1','[]','2019-08-13 20:46:22','2019-08-13 20:46:22'),
	(50,1,'admin/records','GET','11.11.11.1','[]','2019-08-13 20:46:43','2019-08-13 20:46:43'),
	(51,1,'admin/records','GET','11.11.11.1','[]','2019-08-13 20:47:38','2019-08-13 20:47:38'),
	(52,1,'admin/records','GET','11.11.11.1','[]','2019-08-13 20:48:15','2019-08-13 20:48:15'),
	(53,1,'admin/records','GET','11.11.11.1','[]','2019-08-13 20:49:10','2019-08-13 20:49:10'),
	(54,1,'admin/questions','GET','11.11.11.1','{\"_pjax\":\"#pjax-container\"}','2019-08-13 20:49:17','2019-08-13 20:49:17'),
	(55,1,'admin/records','GET','11.11.11.1','{\"_pjax\":\"#pjax-container\"}','2019-08-13 20:49:33','2019-08-13 20:49:33'),
	(56,1,'admin/auth/menu','GET','11.11.11.1','{\"_pjax\":\"#pjax-container\"}','2019-08-13 20:49:39','2019-08-13 20:49:39'),
	(57,1,'admin/auth/menu/8/edit','GET','11.11.11.1','{\"_pjax\":\"#pjax-container\"}','2019-08-13 20:49:59','2019-08-13 20:49:59'),
	(58,1,'admin/auth/menu/8','PUT','11.11.11.1','{\"parent_id\":\"0\",\"title\":\"\\u7528\\u6237\",\"icon\":\"fa-align-justify\",\"uri\":null,\"roles\":[null],\"permission\":null,\"_token\":\"qTkmkZQHy7tfi5HyKYzjqzWQjutz6UiDfw6vqOfx\",\"_method\":\"PUT\",\"_previous_\":\"http:\\/\\/pest.vv.com\\/admin\\/auth\\/menu\"}','2019-08-13 20:50:40','2019-08-13 20:50:40'),
	(59,1,'admin/auth/menu','GET','11.11.11.1','[]','2019-08-13 20:50:42','2019-08-13 20:50:42'),
	(60,1,'admin/auth/menu','POST','11.11.11.1','{\"parent_id\":\"8\",\"title\":\"\\u7528\\u6237\\u5217\\u8868\",\"icon\":\"fa-user\",\"uri\":\"\\/users\",\"roles\":[null],\"permission\":null,\"_token\":\"qTkmkZQHy7tfi5HyKYzjqzWQjutz6UiDfw6vqOfx\"}','2019-08-13 20:51:15','2019-08-13 20:51:15'),
	(61,1,'admin/auth/menu','GET','11.11.11.1','[]','2019-08-13 20:51:17','2019-08-13 20:51:17'),
	(62,1,'admin/auth/menu','GET','11.11.11.1','[]','2019-08-13 20:51:19','2019-08-13 20:51:19'),
	(63,1,'admin/auth/menu/9/edit','GET','11.11.11.1','{\"_pjax\":\"#pjax-container\"}','2019-08-13 20:51:32','2019-08-13 20:51:32'),
	(64,1,'admin/auth/menu/9','PUT','11.11.11.1','{\"parent_id\":\"0\",\"title\":\"\\u9898\\u5e93\",\"icon\":\"fa-align-justify\",\"uri\":null,\"roles\":[null],\"permission\":null,\"_token\":\"qTkmkZQHy7tfi5HyKYzjqzWQjutz6UiDfw6vqOfx\",\"_method\":\"PUT\",\"_previous_\":\"http:\\/\\/pest.vv.com\\/admin\\/auth\\/menu\"}','2019-08-13 20:51:50','2019-08-13 20:51:50'),
	(65,1,'admin/auth/menu','GET','11.11.11.1','[]','2019-08-13 20:51:52','2019-08-13 20:51:52'),
	(66,1,'admin/auth/menu/9/edit','GET','11.11.11.1','{\"_pjax\":\"#pjax-container\"}','2019-08-13 20:51:59','2019-08-13 20:51:59'),
	(67,1,'admin/auth/menu/9','PUT','11.11.11.1','{\"parent_id\":\"0\",\"title\":\"\\u9898\\u5e93\",\"icon\":\"fa-align-justify\",\"uri\":null,\"roles\":[null],\"permission\":null,\"_token\":\"qTkmkZQHy7tfi5HyKYzjqzWQjutz6UiDfw6vqOfx\",\"_method\":\"PUT\",\"_previous_\":\"http:\\/\\/pest.vv.com\\/admin\\/auth\\/menu\"}','2019-08-13 20:52:05','2019-08-13 20:52:05'),
	(68,1,'admin/auth/menu','GET','11.11.11.1','[]','2019-08-13 20:52:07','2019-08-13 20:52:07'),
	(69,1,'admin/auth/menu','GET','11.11.11.1','[]','2019-08-13 20:52:12','2019-08-13 20:52:12'),
	(70,1,'admin/auth/menu','POST','11.11.11.1','{\"parent_id\":\"9\",\"title\":\"\\u9898\\u76ee\\u5217\\u8868\",\"icon\":\"fa-question-circle\",\"uri\":\"\\/questions\",\"roles\":[null],\"permission\":null,\"_token\":\"qTkmkZQHy7tfi5HyKYzjqzWQjutz6UiDfw6vqOfx\"}','2019-08-13 20:52:50','2019-08-13 20:52:50'),
	(71,1,'admin/auth/menu','GET','11.11.11.1','[]','2019-08-13 20:52:52','2019-08-13 20:52:52'),
	(72,1,'admin/auth/menu/8/edit','GET','11.11.11.1','{\"_pjax\":\"#pjax-container\"}','2019-08-13 20:53:02','2019-08-13 20:53:02'),
	(73,1,'admin/auth/menu/8','PUT','11.11.11.1','{\"parent_id\":\"0\",\"title\":\"\\u7528\\u6237\",\"icon\":\"fa-user-secret\",\"uri\":null,\"roles\":[null],\"permission\":null,\"_token\":\"qTkmkZQHy7tfi5HyKYzjqzWQjutz6UiDfw6vqOfx\",\"_method\":\"PUT\",\"_previous_\":\"http:\\/\\/pest.vv.com\\/admin\\/auth\\/menu\"}','2019-08-13 20:53:29','2019-08-13 20:53:29'),
	(74,1,'admin/auth/menu','GET','11.11.11.1','[]','2019-08-13 20:53:31','2019-08-13 20:53:31'),
	(75,1,'admin/auth/menu/9/edit','GET','11.11.11.1','{\"_pjax\":\"#pjax-container\"}','2019-08-13 20:53:39','2019-08-13 20:53:39'),
	(76,1,'admin/auth/menu/9','PUT','11.11.11.1','{\"parent_id\":\"0\",\"title\":\"\\u9898\\u5e93\",\"icon\":\"fa-institution\",\"uri\":null,\"roles\":[null],\"permission\":null,\"_token\":\"qTkmkZQHy7tfi5HyKYzjqzWQjutz6UiDfw6vqOfx\",\"_method\":\"PUT\",\"_previous_\":\"http:\\/\\/pest.vv.com\\/admin\\/auth\\/menu\"}','2019-08-13 20:54:23','2019-08-13 20:54:23'),
	(77,1,'admin/auth/menu','GET','11.11.11.1','[]','2019-08-13 20:54:24','2019-08-13 20:54:24'),
	(78,1,'admin/auth/menu','GET','11.11.11.1','[]','2019-08-13 20:54:28','2019-08-13 20:54:28'),
	(79,1,'admin/auth/menu','GET','11.11.11.1','{\"_pjax\":\"#pjax-container\"}','2019-08-13 20:54:59','2019-08-13 20:54:59'),
	(80,1,'admin/auth/menu','POST','11.11.11.1','{\"_token\":\"qTkmkZQHy7tfi5HyKYzjqzWQjutz6UiDfw6vqOfx\",\"_order\":\"[{\\\"id\\\":1},{\\\"id\\\":2,\\\"children\\\":[{\\\"id\\\":3},{\\\"id\\\":4},{\\\"id\\\":5},{\\\"id\\\":6},{\\\"id\\\":7}]},{\\\"id\\\":8,\\\"children\\\":[{\\\"id\\\":11},{\\\"id\\\":10}]},{\\\"id\\\":9,\\\"children\\\":[{\\\"id\\\":12}]}]\"}','2019-08-13 20:55:20','2019-08-13 20:55:20'),
	(81,1,'admin/auth/menu','GET','11.11.11.1','{\"_pjax\":\"#pjax-container\"}','2019-08-13 20:55:22','2019-08-13 20:55:22'),
	(82,1,'admin/auth/menu','GET','11.11.11.1','[]','2019-08-13 20:55:23','2019-08-13 20:55:23'),
	(83,1,'admin/users','GET','11.11.11.1','{\"_pjax\":\"#pjax-container\"}','2019-08-13 20:55:29','2019-08-13 20:55:29'),
	(84,1,'admin/records','GET','11.11.11.1','{\"_pjax\":\"#pjax-container\"}','2019-08-13 20:55:37','2019-08-13 20:55:37'),
	(85,1,'admin/records','GET','11.11.11.1','[]','2019-08-13 20:57:40','2019-08-13 20:57:40'),
	(86,1,'admin/records','GET','11.11.11.1','[]','2019-08-13 21:02:05','2019-08-13 21:02:05'),
	(87,1,'admin/records/1','GET','11.11.11.1','{\"_pjax\":\"#pjax-container\"}','2019-08-13 21:02:08','2019-08-13 21:02:08'),
	(88,1,'admin/records/1','GET','11.11.11.1','[]','2019-08-13 21:02:59','2019-08-13 21:02:59'),
	(89,1,'admin/records/1','GET','11.11.11.1','[]','2019-08-13 21:04:05','2019-08-13 21:04:05'),
	(90,1,'admin/records/1','GET','11.11.11.1','[]','2019-08-13 21:04:23','2019-08-13 21:04:23'),
	(91,1,'admin/records/1','GET','11.11.11.1','[]','2019-08-13 21:04:51','2019-08-13 21:04:51'),
	(92,1,'admin/records/1','GET','11.11.11.1','[]','2019-08-13 21:05:07','2019-08-13 21:05:07'),
	(93,1,'admin/records/1','GET','11.11.11.1','[]','2019-08-13 21:06:42','2019-08-13 21:06:42'),
	(94,1,'admin/records/1','GET','11.11.11.1','[]','2019-08-13 21:07:03','2019-08-13 21:07:03'),
	(95,1,'admin/records/1','GET','11.11.11.1','[]','2019-08-13 21:08:51','2019-08-13 21:08:51'),
	(96,1,'admin/records/1','GET','11.11.11.1','[]','2019-08-13 21:09:10','2019-08-13 21:09:10'),
	(97,1,'admin/records/1','GET','11.11.11.1','[]','2019-08-13 21:16:20','2019-08-13 21:16:20'),
	(98,1,'admin/records/1','GET','11.11.11.1','[]','2019-08-13 21:16:41','2019-08-13 21:16:41'),
	(99,1,'admin/records/1','GET','11.11.11.1','[]','2019-08-13 21:16:51','2019-08-13 21:16:51'),
	(100,1,'admin/records/1','GET','11.11.11.1','[]','2019-08-13 21:18:06','2019-08-13 21:18:06'),
	(101,1,'admin/records/1','GET','11.11.11.1','[]','2019-08-13 21:18:26','2019-08-13 21:18:26'),
	(102,1,'admin/records/1','GET','11.11.11.1','[]','2019-08-13 21:18:43','2019-08-13 21:18:43'),
	(103,1,'admin/records/1','GET','11.11.11.1','[]','2019-08-13 21:19:01','2019-08-13 21:19:01'),
	(104,1,'admin/records/1','GET','11.11.11.1','[]','2019-08-13 21:21:11','2019-08-13 21:21:11'),
	(105,1,'admin/records/1','GET','11.11.11.1','[]','2019-08-13 21:22:34','2019-08-13 21:22:34'),
	(106,1,'admin/records','GET','11.11.11.1','[]','2019-08-13 21:33:00','2019-08-13 21:33:00'),
	(107,1,'admin/questions','GET','11.11.11.1','{\"_pjax\":\"#pjax-container\"}','2019-08-13 21:33:03','2019-08-13 21:33:03'),
	(108,1,'admin/questions/create','GET','11.11.11.1','{\"_pjax\":\"#pjax-container\"}','2019-08-13 21:33:15','2019-08-13 21:33:15'),
	(109,1,'admin/questions','POST','11.11.11.1','{\"title\":\"\\u6d4b\\u8bd5\\u9898\\u76ee\",\"type\":\"1\",\"tree_sign\":null,\"desc\":\"test\",\"level\":null,\"_token\":\"qTkmkZQHy7tfi5HyKYzjqzWQjutz6UiDfw6vqOfx\",\"_previous_\":\"http:\\/\\/pest.vv.com\\/admin\\/questions\"}','2019-08-13 21:35:04','2019-08-13 21:35:04'),
	(110,1,'admin/questions/create','GET','11.11.11.1','{\"_pjax\":\"#pjax-container\"}','2019-08-13 21:35:06','2019-08-13 21:35:06'),
	(111,1,'admin/questions/create','GET','11.11.11.1','[]','2019-08-13 21:36:24','2019-08-13 21:36:24'),
	(112,1,'admin/questions/create','GET','11.11.11.1','[]','2019-08-13 21:36:42','2019-08-13 21:36:42'),
	(113,1,'admin/questions','POST','11.11.11.1','{\"title\":\"\\u6d4b\\u8bd5\\u9898\\u76ee\",\"type\":\"1\",\"tree_sign\":\"1\",\"desc\":null,\"level\":\"1\",\"_token\":\"qTkmkZQHy7tfi5HyKYzjqzWQjutz6UiDfw6vqOfx\"}','2019-08-13 21:36:57','2019-08-13 21:36:57'),
	(114,1,'admin/questions','GET','11.11.11.1','[]','2019-08-13 21:36:58','2019-08-13 21:36:58'),
	(115,1,'admin/questions','GET','11.11.11.1','[]','2019-08-13 21:37:25','2019-08-13 21:37:25'),
	(116,1,'admin/questions/create','GET','11.11.11.1','{\"_pjax\":\"#pjax-container\"}','2019-08-13 21:37:29','2019-08-13 21:37:29'),
	(117,1,'admin/questions/create','GET','11.11.11.1','[]','2019-08-13 21:38:45','2019-08-13 21:38:45'),
	(118,1,'admin/questions/create','GET','11.11.11.1','[]','2019-08-13 21:39:25','2019-08-13 21:39:25'),
	(119,1,'admin/questions','POST','11.11.11.1','{\"title\":\"\\u6d4b\\u8bd5\\u9898\\u76ee\",\"type\":\"1\",\"tree_sign\":\"1\",\"desc\":null,\"level\":\"1\",\"answers\":{\"new_1\":{\"title\":null,\"is_right\":\"0\",\"id\":null,\"_remove_\":\"1\"}},\"_token\":\"qTkmkZQHy7tfi5HyKYzjqzWQjutz6UiDfw6vqOfx\"}','2019-08-13 21:39:52','2019-08-13 21:39:52'),
	(120,1,'admin/questions','GET','11.11.11.1','[]','2019-08-13 21:39:53','2019-08-13 21:39:53'),
	(121,1,'admin/questions/create','GET','11.11.11.1','{\"_pjax\":\"#pjax-container\"}','2019-08-13 21:42:53','2019-08-13 21:42:53'),
	(122,1,'admin/questions/create','GET','11.11.11.1','[]','2019-08-13 21:44:41','2019-08-13 21:44:41'),
	(123,1,'admin/questions','POST','11.11.11.1','{\"title\":\"\\u6d4b\\u8bd5\",\"type\":\"1\",\"tree_sign\":\"1\",\"desc\":null,\"level\":\"1\",\"_token\":\"qTkmkZQHy7tfi5HyKYzjqzWQjutz6UiDfw6vqOfx\"}','2019-08-13 21:44:53','2019-08-13 21:44:53'),
	(124,1,'admin/questions/create','GET','11.11.11.1','[]','2019-08-13 21:44:54','2019-08-13 21:44:54'),
	(125,1,'admin/questions/create','GET','11.11.11.1','[]','2019-08-13 21:58:34','2019-08-13 21:58:34'),
	(126,1,'admin/records','GET','11.11.11.1','{\"_pjax\":\"#pjax-container\"}','2019-08-13 21:58:41','2019-08-13 21:58:41'),
	(127,1,'admin/records/1','GET','11.11.11.1','{\"_pjax\":\"#pjax-container\"}','2019-08-13 21:58:46','2019-08-13 21:58:46'),
	(128,1,'admin/records/1','GET','11.11.11.1','[]','2019-08-13 22:01:04','2019-08-13 22:01:04'),
	(129,1,'admin/records/1','GET','11.11.11.1','[]','2019-08-13 22:02:26','2019-08-13 22:02:26'),
	(130,1,'admin/auth/menu','GET','11.11.11.1','{\"_pjax\":\"#pjax-container\"}','2019-08-13 22:03:19','2019-08-13 22:03:19'),
	(131,1,'admin/auth/menu','POST','11.11.11.1','{\"parent_id\":\"8\",\"title\":\"\\u73ed\\u7ea7\\u5217\\u8868\",\"icon\":\"fa-graduation-cap\",\"uri\":\"\\/grades\",\"roles\":[null],\"permission\":null,\"_token\":\"qTkmkZQHy7tfi5HyKYzjqzWQjutz6UiDfw6vqOfx\"}','2019-08-13 22:04:07','2019-08-13 22:04:07'),
	(132,1,'admin/auth/menu','GET','11.11.11.1','[]','2019-08-13 22:04:08','2019-08-13 22:04:08'),
	(133,1,'admin/auth/menu','POST','11.11.11.1','{\"_token\":\"qTkmkZQHy7tfi5HyKYzjqzWQjutz6UiDfw6vqOfx\",\"_order\":\"[{\\\"id\\\":1},{\\\"id\\\":2,\\\"children\\\":[{\\\"id\\\":3},{\\\"id\\\":4},{\\\"id\\\":5},{\\\"id\\\":6},{\\\"id\\\":7}]},{\\\"id\\\":8,\\\"children\\\":[{\\\"id\\\":11},{\\\"id\\\":13},{\\\"id\\\":10}]},{\\\"id\\\":9,\\\"children\\\":[{\\\"id\\\":12}]}]\"}','2019-08-13 22:04:14','2019-08-13 22:04:14'),
	(134,1,'admin/auth/menu','GET','11.11.11.1','{\"_pjax\":\"#pjax-container\"}','2019-08-13 22:04:16','2019-08-13 22:04:16'),
	(135,1,'admin/auth/menu','GET','11.11.11.1','[]','2019-08-13 22:04:19','2019-08-13 22:04:19'),
	(136,1,'admin/grades','GET','11.11.11.1','{\"_pjax\":\"#pjax-container\"}','2019-08-13 22:04:23','2019-08-13 22:04:23'),
	(137,1,'admin/grades','GET','11.11.11.1','[]','2019-08-13 22:05:39','2019-08-13 22:05:39'),
	(138,1,'admin/questions','GET','11.11.11.1','{\"_pjax\":\"#pjax-container\"}','2019-08-13 22:05:46','2019-08-13 22:05:46'),
	(139,1,'admin/questions','GET','11.11.11.1','[]','2019-08-13 22:13:59','2019-08-13 22:13:59'),
	(140,1,'admin/questions','GET','11.11.11.1','{\"_pjax\":\"#pjax-container\"}','2019-08-13 22:14:04','2019-08-13 22:14:04'),
	(141,1,'admin/questions','GET','11.11.11.1','[]','2019-08-13 22:14:55','2019-08-13 22:14:55'),
	(142,1,'admin/records','GET','11.11.11.1','{\"_pjax\":\"#pjax-container\"}','2019-08-13 22:15:18','2019-08-13 22:15:18'),
	(143,1,'admin/records/1','GET','11.11.11.1','{\"_pjax\":\"#pjax-container\"}','2019-08-13 22:15:24','2019-08-13 22:15:24'),
	(144,1,'admin/records/1','GET','11.11.11.1','[]','2019-08-13 22:20:02','2019-08-13 22:20:02'),
	(145,1,'admin/records/1','GET','11.11.11.1','[]','2019-08-13 22:23:13','2019-08-13 22:23:13'),
	(146,1,'admin/auth/menu','GET','11.11.11.1','{\"_pjax\":\"#pjax-container\"}','2019-08-13 22:24:09','2019-08-13 22:24:09'),
	(147,1,'admin/auth/menu','POST','11.11.11.1','{\"parent_id\":\"9\",\"title\":\"\\u7b54\\u6848\\u5217\\u8868\",\"icon\":\"fa-transgender-alt\",\"uri\":\"\\/answers\",\"roles\":[null],\"permission\":null,\"_token\":\"qTkmkZQHy7tfi5HyKYzjqzWQjutz6UiDfw6vqOfx\"}','2019-08-13 22:24:51','2019-08-13 22:24:51'),
	(148,1,'admin/auth/menu','GET','11.11.11.1','[]','2019-08-13 22:24:53','2019-08-13 22:24:53'),
	(149,1,'admin/auth/menu','GET','11.11.11.1','[]','2019-08-13 22:24:57','2019-08-13 22:24:57'),
	(150,1,'admin/answers','GET','11.11.11.1','{\"_pjax\":\"#pjax-container\"}','2019-08-13 22:25:02','2019-08-13 22:25:02'),
	(151,1,'admin/answers','GET','11.11.11.1','[]','2019-08-13 22:26:16','2019-08-13 22:26:16'),
	(152,1,'admin/answers','GET','11.11.11.1','[]','2019-08-13 22:29:21','2019-08-13 22:29:21'),
	(153,1,'admin/answers','GET','11.11.11.1','[]','2019-08-13 22:30:01','2019-08-13 22:30:01'),
	(154,1,'admin/answers','GET','11.11.11.1','[]','2019-08-13 22:30:10','2019-08-13 22:30:10'),
	(155,1,'admin/answers','GET','11.11.11.1','[]','2019-08-13 22:30:15','2019-08-13 22:30:15'),
	(156,1,'admin/answers','GET','11.11.11.1','[]','2019-08-13 22:30:35','2019-08-13 22:30:35'),
	(157,1,'admin/answers','GET','11.11.11.1','[]','2019-08-13 22:31:06','2019-08-13 22:31:06'),
	(158,1,'admin/answers','GET','11.11.11.1','[]','2019-08-13 22:34:56','2019-08-13 22:34:56'),
	(159,1,'admin/answers','GET','11.11.11.1','[]','2019-08-13 22:37:34','2019-08-13 22:37:34'),
	(160,1,'admin/answers','GET','11.11.11.1','{\"id\":null,\"question_id\":\"1\",\"_pjax\":\"#pjax-container\"}','2019-08-13 22:37:44','2019-08-13 22:37:44'),
	(161,1,'admin/answers','GET','11.11.11.1','{\"id\":null,\"question_id\":\"1\"}','2019-08-13 22:39:04','2019-08-13 22:39:04'),
	(162,1,'admin/questions','GET','11.11.11.1','{\"_pjax\":\"#pjax-container\"}','2019-08-13 22:39:10','2019-08-13 22:39:10'),
	(163,1,'admin/users','GET','11.11.11.1','{\"_pjax\":\"#pjax-container\"}','2019-08-13 22:39:20','2019-08-13 22:39:20'),
	(164,1,'admin/records','GET','11.11.11.1','{\"_pjax\":\"#pjax-container\"}','2019-08-13 22:39:24','2019-08-13 22:39:24'),
	(165,1,'admin/records/1','GET','11.11.11.1','{\"_pjax\":\"#pjax-container\"}','2019-08-13 22:39:31','2019-08-13 22:39:31'),
	(166,1,'admin/records','GET','11.11.11.1','{\"_pjax\":\"#pjax-container\"}','2019-08-13 22:39:37','2019-08-13 22:39:37'),
	(167,1,'admin/records','GET','11.11.11.1','[]','2019-08-13 22:46:02','2019-08-13 22:46:02'),
	(168,1,'admin/records','GET','11.11.11.1','{\"id\":null,\"f352e27ecbd8357d1048f93f0ed697cd\":\"123\",\"_pjax\":\"#pjax-container\"}','2019-08-13 22:46:11','2019-08-13 22:46:11'),
	(169,1,'admin/records','GET','11.11.11.1','[]','2019-08-13 22:46:13','2019-08-13 22:46:13'),
	(170,1,'admin/records','GET','11.11.11.1','[]','2019-08-13 22:46:27','2019-08-13 22:46:27'),
	(171,1,'admin/records','GET','11.11.11.1','{\"id\":null,\"f352e27ecbd8357d1048f93f0ed697cd\":\"123\",\"_pjax\":\"#pjax-container\"}','2019-08-13 22:46:33','2019-08-13 22:46:33'),
	(172,1,'admin/records','GET','11.11.11.1','{\"id\":null,\"f352e27ecbd8357d1048f93f0ed697cd\":\"123\"}','2019-08-13 22:47:22','2019-08-13 22:47:22'),
	(173,1,'admin/records','GET','11.11.11.1','{\"id\":null,\"f352e27ecbd8357d1048f93f0ed697cd\":\"123\",\"_pjax\":\"#pjax-container\"}','2019-08-13 22:47:31','2019-08-13 22:47:31'),
	(174,1,'admin/records','GET','11.11.11.1','{\"_pjax\":\"#pjax-container\",\"id\":null,\"f352e27ecbd8357d1048f93f0ed697cd\":\"1\"}','2019-08-13 22:47:36','2019-08-13 22:47:36'),
	(175,1,'admin/records','GET','11.11.11.1','{\"id\":null,\"f352e27ecbd8357d1048f93f0ed697cd\":\"1\"}','2019-08-13 22:49:05','2019-08-13 22:49:05'),
	(176,1,'admin/records','GET','11.11.11.1','{\"id\":null,\"f352e27ecbd8357d1048f93f0ed697cd\":\"1\",\"_pjax\":\"#pjax-container\"}','2019-08-13 22:49:10','2019-08-13 22:49:10'),
	(177,1,'admin/records','GET','11.11.11.1','{\"_pjax\":\"#pjax-container\",\"id\":null,\"f352e27ecbd8357d1048f93f0ed697cd\":\"123\"}','2019-08-13 22:49:14','2019-08-13 22:49:14'),
	(178,1,'admin/records','GET','11.11.11.1','{\"id\":null,\"f352e27ecbd8357d1048f93f0ed697cd\":\"123\"}','2019-08-13 22:51:29','2019-08-13 22:51:29'),
	(179,1,'admin/records','GET','11.11.11.1','{\"f352e27ecbd8357d1048f93f0ed697cd\":\"123\",\"id\":null,\"11fa9d5dd0174c7827b155920f45f3c2\":null,\"de7e2900aa122109f99866cdd0d28e4a\":\"2\",\"_pjax\":\"#pjax-container\"}','2019-08-13 22:51:36','2019-08-13 22:51:36'),
	(180,1,'admin/records','GET','11.11.11.1','{\"f352e27ecbd8357d1048f93f0ed697cd\":\"123\",\"_pjax\":\"#pjax-container\",\"id\":null,\"11fa9d5dd0174c7827b155920f45f3c2\":null,\"de7e2900aa122109f99866cdd0d28e4a\":\"1\"}','2019-08-13 22:51:40','2019-08-13 22:51:40'),
	(181,1,'admin/records','GET','11.11.11.1','{\"f352e27ecbd8357d1048f93f0ed697cd\":\"123\",\"id\":null,\"11fa9d5dd0174c7827b155920f45f3c2\":null,\"de7e2900aa122109f99866cdd0d28e4a\":\"1\"}','2019-08-13 22:51:59','2019-08-13 22:51:59'),
	(182,1,'admin/records','GET','11.11.11.1','{\"f352e27ecbd8357d1048f93f0ed697cd\":\"123\",\"id\":null,\"11fa9d5dd0174c7827b155920f45f3c2\":null,\"de7e2900aa122109f99866cdd0d28e4a\":\"1\",\"_pjax\":\"#pjax-container\"}','2019-08-13 22:52:03','2019-08-13 22:52:03'),
	(183,1,'admin/records','GET','11.11.11.1','{\"f352e27ecbd8357d1048f93f0ed697cd\":\"123\",\"_pjax\":\"#pjax-container\",\"id\":null,\"11fa9d5dd0174c7827b155920f45f3c2\":null,\"de7e2900aa122109f99866cdd0d28e4a\":\"2\"}','2019-08-13 22:52:07','2019-08-13 22:52:07'),
	(184,1,'admin/records','GET','11.11.11.1','{\"f352e27ecbd8357d1048f93f0ed697cd\":\"123\",\"id\":null,\"11fa9d5dd0174c7827b155920f45f3c2\":null,\"de7e2900aa122109f99866cdd0d28e4a\":\"2\"}','2019-08-13 22:53:14','2019-08-13 22:53:14'),
	(185,1,'admin/records','GET','11.11.11.1','{\"f352e27ecbd8357d1048f93f0ed697cd\":\"123\",\"id\":null,\"11fa9d5dd0174c7827b155920f45f3c2\":null,\"de7e2900aa122109f99866cdd0d28e4a\":\"2\"}','2019-08-13 22:53:39','2019-08-13 22:53:39'),
	(186,1,'admin/records','GET','11.11.11.1','{\"f352e27ecbd8357d1048f93f0ed697cd\":\"123\",\"id\":null,\"11fa9d5dd0174c7827b155920f45f3c2\":null,\"de7e2900aa122109f99866cdd0d28e4a\":\"2\"}','2019-08-13 22:53:47','2019-08-13 22:53:47'),
	(187,1,'admin/records','GET','11.11.11.1','{\"f352e27ecbd8357d1048f93f0ed697cd\":\"123\",\"id\":null,\"11fa9d5dd0174c7827b155920f45f3c2\":null,\"de7e2900aa122109f99866cdd0d28e4a\":\"2\"}','2019-08-13 22:54:22','2019-08-13 22:54:22'),
	(188,1,'admin/records','GET','11.11.11.1','{\"f352e27ecbd8357d1048f93f0ed697cd\":\"123\",\"id\":null,\"11fa9d5dd0174c7827b155920f45f3c2\":null,\"de7e2900aa122109f99866cdd0d28e4a\":\"2\"}','2019-08-13 22:54:34','2019-08-13 22:54:34'),
	(189,1,'admin/records','GET','11.11.11.1','{\"f352e27ecbd8357d1048f93f0ed697cd\":\"123\",\"id\":null,\"11fa9d5dd0174c7827b155920f45f3c2\":null,\"de7e2900aa122109f99866cdd0d28e4a\":\"2\"}','2019-08-13 22:54:46','2019-08-13 22:54:46'),
	(190,1,'admin/records','GET','11.11.11.1','{\"f352e27ecbd8357d1048f93f0ed697cd\":\"123\",\"id\":null,\"11fa9d5dd0174c7827b155920f45f3c2\":null,\"de7e2900aa122109f99866cdd0d28e4a\":\"2\"}','2019-08-13 22:55:03','2019-08-13 22:55:03'),
	(191,1,'admin/records','GET','11.11.11.1','{\"f352e27ecbd8357d1048f93f0ed697cd\":\"123\",\"id\":null,\"11fa9d5dd0174c7827b155920f45f3c2\":null,\"de7e2900aa122109f99866cdd0d28e4a\":\"2\"}','2019-08-13 22:55:21','2019-08-13 22:55:21'),
	(192,1,'admin/answers','GET','11.11.11.1','{\"_pjax\":\"#pjax-container\"}','2019-08-14 10:30:28','2019-08-14 10:30:28'),
	(193,1,'admin/answers','GET','11.11.11.1','[]','2019-08-14 10:30:55','2019-08-14 10:30:55'),
	(194,1,'admin/answers','GET','11.11.11.1','[]','2019-08-14 10:31:47','2019-08-14 10:31:47'),
	(195,1,'admin/questions','GET','11.11.11.1','{\"_pjax\":\"#pjax-container\"}','2019-08-14 10:32:17','2019-08-14 10:32:17'),
	(196,1,'admin/questions','GET','11.11.11.1','[]','2019-08-14 10:32:53','2019-08-14 10:32:53'),
	(197,1,'admin/auth/menu','GET','11.11.11.1','{\"_pjax\":\"#pjax-container\"}','2019-08-14 10:32:59','2019-08-14 10:32:59'),
	(198,1,'admin/auth/menu/14','DELETE','11.11.11.1','{\"_method\":\"delete\",\"_token\":\"wZsxCSVIRiFy1zK91Kuh6S3NE4opacluusKkOa5s\"}','2019-08-14 10:33:04','2019-08-14 10:33:04'),
	(199,1,'admin/auth/menu','GET','11.11.11.1','{\"_pjax\":\"#pjax-container\"}','2019-08-14 10:33:06','2019-08-14 10:33:06'),
	(200,1,'admin/auth/menu','GET','11.11.11.1','[]','2019-08-14 10:33:10','2019-08-14 10:33:10'),
	(201,1,'admin/questions','GET','11.11.11.1','{\"_pjax\":\"#pjax-container\"}','2019-08-14 10:33:16','2019-08-14 10:33:16'),
	(202,1,'admin/records','GET','11.11.11.1','{\"_pjax\":\"#pjax-container\"}','2019-08-14 10:33:27','2019-08-14 10:33:27'),
	(203,1,'admin/records/1','GET','11.11.11.1','{\"_pjax\":\"#pjax-container\"}','2019-08-14 10:33:36','2019-08-14 10:33:36'),
	(204,1,'admin/records','GET','11.11.11.1','{\"_pjax\":\"#pjax-container\"}','2019-08-14 10:34:59','2019-08-14 10:34:59'),
	(205,1,'admin','GET','11.11.11.1','{\"_pjax\":\"#pjax-container\"}','2019-08-14 10:36:04','2019-08-14 10:36:04'),
	(206,1,'admin/auth/menu','GET','11.11.11.1','{\"_pjax\":\"#pjax-container\"}','2019-08-14 10:36:56','2019-08-14 10:36:56'),
	(207,1,'admin/auth/menu/1','DELETE','11.11.11.1','{\"_method\":\"delete\",\"_token\":\"wZsxCSVIRiFy1zK91Kuh6S3NE4opacluusKkOa5s\"}','2019-08-14 10:37:03','2019-08-14 10:37:03'),
	(208,1,'admin/auth/menu','GET','11.11.11.1','{\"_pjax\":\"#pjax-container\"}','2019-08-14 10:37:06','2019-08-14 10:37:06'),
	(209,1,'admin/auth/menu','GET','11.11.11.1','[]','2019-08-14 10:37:08','2019-08-14 10:37:08'),
	(210,1,'admin/records','GET','11.11.11.1','{\"_pjax\":\"#pjax-container\"}','2019-08-14 10:37:36','2019-08-14 10:37:36'),
	(211,1,'admin/chart','GET','11.11.11.1','[]','2019-08-14 10:53:50','2019-08-14 10:53:50'),
	(212,1,'admin/chart','GET','11.11.11.1','[]','2019-08-14 10:54:24','2019-08-14 10:54:24'),
	(213,1,'admin/chart','GET','11.11.11.1','[]','2019-08-14 10:55:19','2019-08-14 10:55:19'),
	(214,1,'admin/chart','GET','11.11.11.1','[]','2019-08-14 10:56:00','2019-08-14 10:56:00'),
	(215,1,'admin/records','GET','11.11.11.1','{\"_pjax\":\"#pjax-container\"}','2019-08-14 10:57:07','2019-08-14 10:57:07'),
	(216,1,'admin/auth/menu','GET','11.11.11.1','{\"_pjax\":\"#pjax-container\"}','2019-08-14 10:57:57','2019-08-14 10:57:57'),
	(217,1,'admin/auth/menu/9/edit','GET','11.11.11.1','{\"_pjax\":\"#pjax-container\"}','2019-08-14 11:01:57','2019-08-14 11:01:57'),
	(218,1,'admin/auth/menu/9','PUT','11.11.11.1','{\"parent_id\":\"0\",\"title\":\"\\u9898\\u5e93\",\"icon\":\"fa-credit-card\",\"uri\":null,\"roles\":[null],\"permission\":null,\"_token\":\"wZsxCSVIRiFy1zK91Kuh6S3NE4opacluusKkOa5s\",\"_method\":\"PUT\",\"_previous_\":\"http:\\/\\/pest.vv.com\\/admin\\/auth\\/menu\"}','2019-08-14 11:03:15','2019-08-14 11:03:15'),
	(219,1,'admin/auth/menu','GET','11.11.11.1','[]','2019-08-14 11:03:16','2019-08-14 11:03:16'),
	(220,1,'admin/auth/menu','POST','11.11.11.1','{\"_token\":\"wZsxCSVIRiFy1zK91Kuh6S3NE4opacluusKkOa5s\",\"_order\":\"[{\\\"id\\\":2,\\\"children\\\":[{\\\"id\\\":3},{\\\"id\\\":4},{\\\"id\\\":5},{\\\"id\\\":6},{\\\"id\\\":7}]},{\\\"id\\\":8,\\\"children\\\":[{\\\"id\\\":11},{\\\"id\\\":13}]},{\\\"id\\\":9,\\\"children\\\":[{\\\"id\\\":12},{\\\"id\\\":10}]}]\"}','2019-08-14 11:03:28','2019-08-14 11:03:28'),
	(221,1,'admin/auth/menu','GET','11.11.11.1','{\"_pjax\":\"#pjax-container\"}','2019-08-14 11:03:30','2019-08-14 11:03:30'),
	(222,1,'admin/auth/menu/10/edit','GET','11.11.11.1','{\"_pjax\":\"#pjax-container\"}','2019-08-14 11:03:33','2019-08-14 11:03:33'),
	(223,1,'admin/auth/menu/10','PUT','11.11.11.1','{\"parent_id\":\"9\",\"title\":\"\\u4f5c\\u7b54\\u60c5\\u51b5\",\"icon\":\"fa-file-word-o\",\"uri\":\"\\/records\",\"roles\":[null],\"permission\":null,\"_token\":\"wZsxCSVIRiFy1zK91Kuh6S3NE4opacluusKkOa5s\",\"_method\":\"PUT\",\"_previous_\":\"http:\\/\\/pest.vv.com\\/admin\\/auth\\/menu\"}','2019-08-14 11:03:59','2019-08-14 11:03:59'),
	(224,1,'admin/auth/menu','GET','11.11.11.1','[]','2019-08-14 11:04:01','2019-08-14 11:04:01'),
	(225,1,'admin/auth/menu','POST','11.11.11.1','{\"_token\":\"wZsxCSVIRiFy1zK91Kuh6S3NE4opacluusKkOa5s\",\"_order\":\"[{\\\"id\\\":2,\\\"children\\\":[{\\\"id\\\":3},{\\\"id\\\":4},{\\\"id\\\":5},{\\\"id\\\":6},{\\\"id\\\":7}]},{\\\"id\\\":8,\\\"children\\\":[{\\\"id\\\":11},{\\\"id\\\":13}]},{\\\"id\\\":9,\\\"children\\\":[{\\\"id\\\":12},{\\\"id\\\":10}]}]\"}','2019-08-14 11:04:09','2019-08-14 11:04:09'),
	(226,1,'admin/auth/menu','GET','11.11.11.1','{\"_pjax\":\"#pjax-container\"}','2019-08-14 11:04:11','2019-08-14 11:04:11'),
	(227,1,'admin/auth/menu','POST','11.11.11.1','{\"parent_id\":\"0\",\"title\":\"\\u9996\\u9875\",\"icon\":\"fa-bar-chart\",\"uri\":\"\\/charts\",\"roles\":[null],\"permission\":null,\"_token\":\"wZsxCSVIRiFy1zK91Kuh6S3NE4opacluusKkOa5s\"}','2019-08-14 11:05:58','2019-08-14 11:05:58'),
	(228,1,'admin/auth/menu','GET','11.11.11.1','[]','2019-08-14 11:05:59','2019-08-14 11:05:59'),
	(229,1,'admin/auth/menu','POST','11.11.11.1','{\"_token\":\"wZsxCSVIRiFy1zK91Kuh6S3NE4opacluusKkOa5s\",\"_order\":\"[{\\\"id\\\":2,\\\"children\\\":[{\\\"id\\\":3},{\\\"id\\\":4},{\\\"id\\\":5},{\\\"id\\\":6},{\\\"id\\\":7}]},{\\\"id\\\":15},{\\\"id\\\":8,\\\"children\\\":[{\\\"id\\\":11},{\\\"id\\\":13}]},{\\\"id\\\":9,\\\"children\\\":[{\\\"id\\\":12},{\\\"id\\\":10}]}]\"}','2019-08-14 11:06:18','2019-08-14 11:06:18'),
	(230,1,'admin/auth/menu','GET','11.11.11.1','{\"_pjax\":\"#pjax-container\"}','2019-08-14 11:06:19','2019-08-14 11:06:19'),
	(231,1,'admin/auth/menu','GET','11.11.11.1','[]','2019-08-14 11:06:31','2019-08-14 11:06:31'),
	(232,1,'admin/charts','GET','11.11.11.1','{\"_pjax\":\"#pjax-container\"}','2019-08-14 11:06:35','2019-08-14 11:06:35'),
	(233,1,'admin/charts','GET','11.11.11.1','[]','2019-08-14 11:09:49','2019-08-14 11:09:49'),
	(234,1,'admin/charts','GET','11.11.11.1','[]','2019-08-14 11:10:10','2019-08-14 11:10:10'),
	(235,1,'admin/charts','GET','11.11.11.1','[]','2019-08-14 11:11:01','2019-08-14 11:11:01'),
	(236,1,'admin/charts','GET','11.11.11.1','[]','2019-08-14 11:11:12','2019-08-14 11:11:12'),
	(237,1,'admin/charts','GET','11.11.11.1','[]','2019-08-14 11:12:04','2019-08-14 11:12:04'),
	(238,1,'admin/charts','GET','11.11.11.1','[]','2019-08-14 11:14:59','2019-08-14 11:14:59'),
	(239,1,'admin/charts','GET','11.11.11.1','[]','2019-08-14 11:15:39','2019-08-14 11:15:39'),
	(240,1,'admin/charts','GET','11.11.11.1','[]','2019-08-14 11:16:32','2019-08-14 11:16:32'),
	(241,1,'admin/charts','GET','11.11.11.1','[]','2019-08-14 11:23:29','2019-08-14 11:23:29'),
	(242,1,'admin/charts','GET','11.11.11.1','[]','2019-08-14 11:24:48','2019-08-14 11:24:48'),
	(243,1,'admin/charts','GET','11.11.11.1','[]','2019-08-14 11:25:03','2019-08-14 11:25:03'),
	(244,1,'admin/charts','GET','11.11.11.1','[]','2019-08-14 11:31:59','2019-08-14 11:31:59'),
	(245,1,'admin/charts','GET','11.11.11.1','[]','2019-08-14 11:32:07','2019-08-14 11:32:07'),
	(246,1,'admin/questions','GET','11.11.11.1','{\"_pjax\":\"#pjax-container\"}','2019-08-14 11:34:13','2019-08-14 11:34:13'),
	(247,1,'admin/records','GET','11.11.11.1','{\"_pjax\":\"#pjax-container\"}','2019-08-14 11:34:21','2019-08-14 11:34:21'),
	(248,1,'admin/charts','GET','11.11.11.1','{\"_pjax\":\"#pjax-container\"}','2019-08-14 11:34:25','2019-08-14 11:34:25'),
	(249,1,'admin/charts','GET','11.11.11.1','[]','2019-08-14 11:36:29','2019-08-14 11:36:29'),
	(250,1,'admin/charts','GET','11.11.11.1','[]','2019-08-14 11:37:28','2019-08-14 11:37:28'),
	(251,1,'admin/charts','GET','11.11.11.1','[]','2019-08-14 11:37:42','2019-08-14 11:37:42'),
	(252,1,'admin/charts','GET','11.11.11.1','[]','2019-08-14 11:37:53','2019-08-14 11:37:53'),
	(253,1,'admin/charts','GET','11.11.11.1','[]','2019-08-14 11:38:06','2019-08-14 11:38:06'),
	(254,1,'admin/charts','GET','11.11.11.1','[]','2019-08-14 11:38:20','2019-08-14 11:38:20'),
	(255,1,'admin/charts','GET','11.11.11.1','[]','2019-08-14 11:38:47','2019-08-14 11:38:47'),
	(256,1,'admin/users','GET','11.11.11.1','{\"_pjax\":\"#pjax-container\"}','2019-08-14 11:39:01','2019-08-14 11:39:01'),
	(257,1,'admin/charts','GET','11.11.11.1','{\"_pjax\":\"#pjax-container\"}','2019-08-14 11:39:05','2019-08-14 11:39:05'),
	(258,1,'admin/charts','GET','11.11.11.1','[]','2019-08-14 11:39:24','2019-08-14 11:39:24'),
	(259,1,'admin/charts','GET','11.11.11.1','[]','2019-08-14 11:39:40','2019-08-14 11:39:40'),
	(260,1,'admin/charts','GET','11.11.11.1','[]','2019-08-14 11:39:57','2019-08-14 11:39:57'),
	(261,1,'admin/charts','GET','11.11.11.1','[]','2019-08-14 11:40:03','2019-08-14 11:40:03'),
	(262,1,'admin/charts','GET','11.11.11.1','[]','2019-08-14 11:40:13','2019-08-14 11:40:13'),
	(263,1,'admin/charts','GET','11.11.11.1','[]','2019-08-14 11:40:20','2019-08-14 11:40:20'),
	(264,1,'admin/charts','GET','11.11.11.1','[]','2019-08-14 11:43:13','2019-08-14 11:43:13'),
	(265,1,'admin/charts','GET','11.11.11.1','[]','2019-08-14 11:43:30','2019-08-14 11:43:30'),
	(266,1,'admin/charts','GET','11.11.11.1','[]','2019-08-14 11:45:37','2019-08-14 11:45:37'),
	(267,1,'admin/charts','GET','11.11.11.1','[]','2019-08-14 11:46:52','2019-08-14 11:46:52'),
	(268,1,'admin/charts','GET','11.11.11.1','[]','2019-08-14 11:47:15','2019-08-14 11:47:15'),
	(269,1,'admin/charts','GET','11.11.11.1','[]','2019-08-14 11:47:28','2019-08-14 11:47:28'),
	(270,1,'admin/charts','GET','11.11.11.1','[]','2019-08-14 11:47:55','2019-08-14 11:47:55'),
	(271,1,'admin/charts','GET','11.11.11.1','[]','2019-08-14 11:48:05','2019-08-14 11:48:05'),
	(272,1,'admin/charts','GET','11.11.11.1','[]','2019-08-14 11:48:14','2019-08-14 11:48:14'),
	(273,1,'admin/charts','GET','11.11.11.1','[]','2019-08-14 11:51:19','2019-08-14 11:51:19'),
	(274,1,'admin/charts','GET','11.11.11.1','[]','2019-08-14 11:51:39','2019-08-14 11:51:39'),
	(275,1,'admin/charts','GET','11.11.11.1','[]','2019-08-14 11:53:37','2019-08-14 11:53:37'),
	(276,1,'admin/charts','GET','11.11.11.1','[]','2019-08-14 11:53:46','2019-08-14 11:53:46'),
	(277,1,'admin/charts','GET','11.11.11.1','[]','2019-08-14 11:54:44','2019-08-14 11:54:44'),
	(278,1,'admin/charts','GET','11.11.11.1','[]','2019-08-14 11:55:10','2019-08-14 11:55:10'),
	(279,1,'admin/charts','GET','11.11.11.1','[]','2019-08-14 11:55:26','2019-08-14 11:55:26'),
	(280,1,'admin/charts','GET','11.11.11.1','[]','2019-08-14 11:55:38','2019-08-14 11:55:38'),
	(281,1,'admin/charts','GET','11.11.11.1','[]','2019-08-14 11:57:33','2019-08-14 11:57:33'),
	(282,1,'admin/charts','GET','11.11.11.1','[]','2019-08-14 11:58:22','2019-08-14 11:58:22'),
	(283,1,'admin/charts','GET','11.11.11.1','[]','2019-08-14 11:59:44','2019-08-14 11:59:44'),
	(284,1,'admin/charts','GET','11.11.11.1','[]','2019-08-14 12:01:30','2019-08-14 12:01:30'),
	(285,1,'admin/charts','GET','11.11.11.1','[]','2019-08-14 12:01:42','2019-08-14 12:01:42'),
	(286,1,'admin/charts','GET','11.11.11.1','[]','2019-08-14 12:13:45','2019-08-14 12:13:45'),
	(287,1,'admin/charts','GET','11.11.11.1','[]','2019-08-14 12:14:37','2019-08-14 12:14:37'),
	(288,1,'admin/charts','GET','11.11.11.1','[]','2019-08-14 12:15:39','2019-08-14 12:15:39'),
	(289,1,'admin/charts','GET','11.11.11.1','[]','2019-08-14 12:18:27','2019-08-14 12:18:27'),
	(290,1,'admin/charts','GET','11.11.11.1','[]','2019-08-14 12:19:03','2019-08-14 12:19:03'),
	(291,1,'admin/charts','GET','11.11.11.1','[]','2019-08-14 12:19:21','2019-08-14 12:19:21'),
	(292,1,'admin/charts','GET','11.11.11.1','[]','2019-08-14 12:19:55','2019-08-14 12:19:55'),
	(293,1,'admin/charts','GET','11.11.11.1','[]','2019-08-14 12:21:06','2019-08-14 12:21:06'),
	(294,1,'admin/charts','GET','11.11.11.1','[]','2019-08-14 12:21:28','2019-08-14 12:21:28'),
	(295,1,'admin/charts','GET','11.11.11.1','[]','2019-08-14 12:24:29','2019-08-14 12:24:29'),
	(296,1,'admin/charts','GET','11.11.11.1','[]','2019-08-14 12:25:30','2019-08-14 12:25:30'),
	(297,1,'admin/charts','GET','11.11.11.1','[]','2019-08-14 12:25:58','2019-08-14 12:25:58'),
	(298,1,'admin/charts','GET','11.11.11.1','[]','2019-08-14 12:26:07','2019-08-14 12:26:07'),
	(299,1,'admin/charts','GET','11.11.11.1','[]','2019-08-14 12:28:31','2019-08-14 12:28:31'),
	(300,1,'admin/charts','GET','11.11.11.1','[]','2019-08-14 12:28:51','2019-08-14 12:28:51'),
	(301,1,'admin/charts','GET','11.11.11.1','[]','2019-08-14 12:30:06','2019-08-14 12:30:06'),
	(302,1,'admin/charts','GET','11.11.11.1','[]','2019-08-14 12:30:29','2019-08-14 12:30:29'),
	(303,1,'admin/charts','GET','11.11.11.1','[]','2019-08-14 12:30:45','2019-08-14 12:30:45'),
	(304,1,'admin/charts','GET','11.11.11.1','[]','2019-08-14 12:30:56','2019-08-14 12:30:56'),
	(305,1,'admin/charts','GET','11.11.11.1','[]','2019-08-14 12:31:13','2019-08-14 12:31:13'),
	(306,1,'admin/charts','GET','11.11.11.1','[]','2019-08-14 12:31:24','2019-08-14 12:31:24'),
	(307,1,'admin/charts','GET','11.11.11.1','[]','2019-08-14 12:31:36','2019-08-14 12:31:36'),
	(308,1,'admin/charts','GET','11.11.11.1','[]','2019-08-14 12:32:18','2019-08-14 12:32:18'),
	(309,1,'admin/charts','GET','11.11.11.1','[]','2019-08-14 12:32:33','2019-08-14 12:32:33'),
	(310,1,'admin/charts','GET','11.11.11.1','[]','2019-08-14 12:32:44','2019-08-14 12:32:44'),
	(311,1,'admin/charts','GET','11.11.11.1','[]','2019-08-14 12:32:52','2019-08-14 12:32:52'),
	(312,1,'admin/charts','GET','11.11.11.1','[]','2019-08-14 12:34:45','2019-08-14 12:34:45'),
	(313,1,'admin/charts','GET','11.11.11.1','[]','2019-08-14 12:35:19','2019-08-14 12:35:19'),
	(314,1,'admin/charts','GET','11.11.11.1','[]','2019-08-14 12:35:39','2019-08-14 12:35:39'),
	(315,1,'admin/charts','GET','11.11.11.1','[]','2019-08-14 12:35:46','2019-08-14 12:35:46'),
	(316,1,'admin/charts','GET','11.11.11.1','[]','2019-08-14 12:36:08','2019-08-14 12:36:08'),
	(317,1,'admin/charts','GET','11.11.11.1','[]','2019-08-14 12:36:19','2019-08-14 12:36:19'),
	(318,1,'admin/charts','GET','11.11.11.1','[]','2019-08-14 12:36:27','2019-08-14 12:36:27'),
	(319,1,'admin/charts','GET','11.11.11.1','[]','2019-08-14 12:36:47','2019-08-14 12:36:47'),
	(320,1,'admin/grades','GET','11.11.11.1','{\"_pjax\":\"#pjax-container\"}','2019-08-14 12:38:19','2019-08-14 12:38:19'),
	(321,1,'admin/users','GET','11.11.11.1','{\"_pjax\":\"#pjax-container\"}','2019-08-14 12:38:25','2019-08-14 12:38:25'),
	(322,1,'admin/users/1/edit','GET','11.11.11.1','{\"_pjax\":\"#pjax-container\"}','2019-08-14 12:38:28','2019-08-14 12:38:28'),
	(323,1,'admin/charts','GET','11.11.11.1','{\"_pjax\":\"#pjax-container\"}','2019-08-14 12:40:22','2019-08-14 12:40:22'),
	(324,1,'admin/charts','GET','11.11.11.1','[]','2019-08-14 12:40:45','2019-08-14 12:40:45'),
	(325,1,'admin/charts','GET','11.11.11.1','[]','2019-08-14 12:41:41','2019-08-14 12:41:41'),
	(326,1,'admin/charts','GET','11.11.11.1','[]','2019-08-14 12:41:54','2019-08-14 12:41:54'),
	(327,1,'admin/charts','GET','11.11.11.1','[]','2019-08-14 12:42:16','2019-08-14 12:42:16'),
	(328,1,'admin/charts','GET','11.11.11.1','[]','2019-08-14 12:43:43','2019-08-14 12:43:43'),
	(329,1,'admin/charts','GET','11.11.11.1','[]','2019-08-14 12:46:42','2019-08-14 12:46:42'),
	(330,1,'admin/charts','GET','11.11.11.1','[]','2019-08-14 12:47:00','2019-08-14 12:47:00'),
	(331,1,'admin/charts','GET','11.11.11.1','[]','2019-08-14 12:47:09','2019-08-14 12:47:09'),
	(332,1,'admin/charts','GET','11.11.11.1','[]','2019-08-14 12:47:39','2019-08-14 12:47:39'),
	(333,1,'admin/charts','GET','11.11.11.1','[]','2019-08-14 12:47:56','2019-08-14 12:47:56'),
	(334,1,'admin/charts','GET','11.11.11.1','[]','2019-08-14 12:48:02','2019-08-14 12:48:02'),
	(335,1,'admin/charts','GET','11.11.11.1','[]','2019-08-14 12:49:37','2019-08-14 12:49:37'),
	(336,1,'admin/charts','GET','11.11.11.1','[]','2019-08-14 12:50:36','2019-08-14 12:50:36'),
	(337,1,'admin/charts','GET','11.11.11.1','[]','2019-08-14 12:50:54','2019-08-14 12:50:54'),
	(338,1,'admin/charts','GET','11.11.11.1','[]','2019-08-14 12:51:30','2019-08-14 12:51:30'),
	(339,1,'admin/charts','GET','11.11.11.1','[]','2019-08-14 12:51:59','2019-08-14 12:51:59'),
	(340,1,'admin/charts','GET','11.11.11.1','[]','2019-08-14 12:52:11','2019-08-14 12:52:11'),
	(341,1,'admin/charts','GET','11.11.11.1','[]','2019-08-14 12:52:29','2019-08-14 12:52:29'),
	(342,1,'admin/charts','GET','11.11.11.1','[]','2019-08-14 12:52:41','2019-08-14 12:52:41'),
	(343,1,'admin/charts','GET','11.11.11.1','[]','2019-08-14 12:52:54','2019-08-14 12:52:54'),
	(344,1,'admin/charts','GET','11.11.11.1','[]','2019-08-14 12:53:14','2019-08-14 12:53:14'),
	(345,1,'admin/charts','GET','11.11.11.1','[]','2019-08-14 12:53:53','2019-08-14 12:53:53'),
	(346,1,'admin/charts','GET','11.11.11.1','[]','2019-08-14 12:54:09','2019-08-14 12:54:09'),
	(347,1,'admin/charts','GET','11.11.11.1','[]','2019-08-14 12:54:32','2019-08-14 12:54:32'),
	(348,1,'admin/charts','GET','11.11.11.1','[]','2019-08-14 12:55:14','2019-08-14 12:55:14'),
	(349,1,'admin/charts','GET','11.11.11.1','[]','2019-08-14 12:55:47','2019-08-14 12:55:47'),
	(350,1,'admin/charts','GET','11.11.11.1','[]','2019-08-14 12:56:58','2019-08-14 12:56:58'),
	(351,1,'admin/charts','GET','11.11.11.1','[]','2019-08-14 12:57:41','2019-08-14 12:57:41'),
	(352,1,'admin/charts','GET','11.11.11.1','[]','2019-08-14 12:58:04','2019-08-14 12:58:04'),
	(353,1,'admin/charts','GET','11.11.11.1','[]','2019-08-14 12:58:23','2019-08-14 12:58:23'),
	(354,1,'admin/charts','GET','11.11.11.1','[]','2019-08-14 12:58:28','2019-08-14 12:58:28'),
	(355,1,'admin/charts','GET','11.11.11.1','[]','2019-08-14 12:58:52','2019-08-14 12:58:52'),
	(356,1,'admin/charts','GET','11.11.11.1','[]','2019-08-14 12:59:15','2019-08-14 12:59:15'),
	(357,1,'admin/users','GET','11.11.11.1','{\"_pjax\":\"#pjax-container\"}','2019-08-14 13:02:48','2019-08-14 13:02:48'),
	(358,1,'admin/users/1/edit','GET','11.11.11.1','{\"_pjax\":\"#pjax-container\"}','2019-08-14 13:02:52','2019-08-14 13:02:52'),
	(359,1,'admin/users/1/edit','GET','11.11.11.1','[]','2019-08-14 13:04:44','2019-08-14 13:04:44'),
	(360,1,'admin/charts','GET','11.11.11.1','[]','2019-08-14 13:04:46','2019-08-14 13:04:46'),
	(361,1,'admin/charts','GET','11.11.11.1','[]','2019-08-14 14:22:21','2019-08-14 14:22:21'),
	(362,1,'admin/charts','GET','11.11.11.1','[]','2019-08-14 14:22:31','2019-08-14 14:22:31'),
	(363,1,'admin/charts','GET','11.11.11.1','[]','2019-08-14 14:23:01','2019-08-14 14:23:01'),
	(364,1,'admin/charts','GET','11.11.11.1','[]','2019-08-14 14:23:13','2019-08-14 14:23:13'),
	(365,1,'admin/charts','GET','11.11.11.1','[]','2019-08-14 14:24:40','2019-08-14 14:24:40'),
	(366,1,'admin/charts','GET','11.11.11.1','[]','2019-08-14 14:25:09','2019-08-14 14:25:09'),
	(367,1,'admin/charts','GET','11.11.11.1','[]','2019-08-14 14:25:22','2019-08-14 14:25:22'),
	(368,1,'admin/charts','GET','11.11.11.1','[]','2019-08-14 14:25:43','2019-08-14 14:25:43'),
	(369,1,'admin/charts','GET','11.11.11.1','[]','2019-08-14 14:26:04','2019-08-14 14:26:04'),
	(370,1,'admin/charts','GET','11.11.11.1','[]','2019-08-14 14:26:33','2019-08-14 14:26:33'),
	(371,1,'admin/charts','GET','11.11.11.1','[]','2019-08-14 14:27:49','2019-08-14 14:27:49'),
	(372,1,'admin/charts','GET','11.11.11.1','[]','2019-08-14 14:28:49','2019-08-14 14:28:49'),
	(373,1,'admin/charts','GET','11.11.11.1','[]','2019-08-14 14:29:43','2019-08-14 14:29:43'),
	(374,1,'admin/charts','GET','11.11.11.1','[]','2019-08-14 14:30:56','2019-08-14 14:30:56'),
	(375,1,'admin/charts','GET','11.11.11.1','[]','2019-08-14 14:31:05','2019-08-14 14:31:05'),
	(376,1,'admin/charts','GET','11.11.11.1','[]','2019-08-14 14:31:31','2019-08-14 14:31:31'),
	(377,1,'admin/charts','GET','11.11.11.1','[]','2019-08-14 14:31:51','2019-08-14 14:31:51'),
	(378,1,'admin/charts','GET','11.11.11.1','[]','2019-08-14 14:32:02','2019-08-14 14:32:02'),
	(379,1,'admin/charts','GET','11.11.11.1','[]','2019-08-14 14:32:21','2019-08-14 14:32:21'),
	(380,1,'admin/charts','GET','11.11.11.1','[]','2019-08-14 14:32:44','2019-08-14 14:32:44'),
	(381,1,'admin/charts','GET','11.11.11.1','[]','2019-08-14 14:33:53','2019-08-14 14:33:53'),
	(382,1,'admin/charts','GET','11.11.11.1','[]','2019-08-14 14:37:57','2019-08-14 14:37:57'),
	(383,1,'admin/charts','GET','11.11.11.1','[]','2019-08-14 14:38:23','2019-08-14 14:38:23'),
	(384,1,'admin/charts','GET','11.11.11.1','[]','2019-08-14 14:39:29','2019-08-14 14:39:29'),
	(385,1,'admin/charts','GET','11.11.11.1','[]','2019-08-14 14:39:51','2019-08-14 14:39:51'),
	(386,1,'admin/charts','GET','11.11.11.1','[]','2019-08-14 14:39:57','2019-08-14 14:39:57'),
	(387,1,'admin/charts','GET','11.11.11.1','[]','2019-08-14 14:40:30','2019-08-14 14:40:30'),
	(388,1,'admin/charts','GET','11.11.11.1','[]','2019-08-14 14:41:05','2019-08-14 14:41:05'),
	(389,1,'admin/charts','GET','11.11.11.1','[]','2019-08-14 14:41:36','2019-08-14 14:41:36'),
	(390,1,'admin/charts','GET','11.11.11.1','[]','2019-08-14 14:41:42','2019-08-14 14:41:42'),
	(391,1,'admin/charts','GET','11.11.11.1','[]','2019-08-14 14:41:49','2019-08-14 14:41:49'),
	(392,1,'admin/charts','GET','11.11.11.1','[]','2019-08-14 14:42:09','2019-08-14 14:42:09'),
	(393,1,'admin/charts','GET','11.11.11.1','[]','2019-08-14 14:42:32','2019-08-14 14:42:32'),
	(394,1,'admin/charts','GET','11.11.11.1','[]','2019-08-14 14:42:54','2019-08-14 14:42:54'),
	(395,1,'admin/charts','GET','11.11.11.1','[]','2019-08-14 14:43:33','2019-08-14 14:43:33'),
	(396,1,'admin/charts','GET','11.11.11.1','[]','2019-08-14 14:44:07','2019-08-14 14:44:07'),
	(397,1,'admin/charts','GET','11.11.11.1','[]','2019-08-14 14:44:25','2019-08-14 14:44:25'),
	(398,1,'admin/charts','GET','11.11.11.1','[]','2019-08-14 14:44:55','2019-08-14 14:44:55'),
	(399,1,'admin/charts','GET','11.11.11.1','[]','2019-08-14 14:45:04','2019-08-14 14:45:04'),
	(400,1,'admin/charts','GET','11.11.11.1','[]','2019-08-14 14:45:37','2019-08-14 14:45:37'),
	(401,1,'admin/charts','GET','11.11.11.1','[]','2019-08-14 14:45:46','2019-08-14 14:45:46'),
	(402,1,'admin/users','GET','11.11.11.1','{\"_pjax\":\"#pjax-container\"}','2019-08-14 14:46:24','2019-08-14 14:46:24'),
	(403,1,'admin/users/1/edit','GET','11.11.11.1','{\"_pjax\":\"#pjax-container\"}','2019-08-14 14:46:28','2019-08-14 14:46:28'),
	(404,1,'admin/charts','GET','11.11.11.1','{\"_pjax\":\"#pjax-container\"}','2019-08-14 14:47:05','2019-08-14 14:47:05'),
	(405,1,'admin/charts','GET','11.11.11.1','[]','2019-08-14 14:47:52','2019-08-14 14:47:52'),
	(406,1,'admin/charts','GET','11.11.11.1','[]','2019-08-14 14:49:26','2019-08-14 14:49:26'),
	(407,1,'admin/charts','GET','11.11.11.1','[]','2019-08-14 14:50:05','2019-08-14 14:50:05'),
	(408,1,'admin/charts','GET','11.11.11.1','[]','2019-08-14 14:51:41','2019-08-14 14:51:41'),
	(409,1,'admin/charts','GET','11.11.11.1','[]','2019-08-14 14:51:56','2019-08-14 14:51:56'),
	(410,1,'admin/charts','GET','11.11.11.1','[]','2019-08-14 14:53:15','2019-08-14 14:53:15'),
	(411,1,'admin/charts','GET','11.11.11.1','[]','2019-08-14 14:53:33','2019-08-14 14:53:33'),
	(412,1,'admin/charts','GET','11.11.11.1','[]','2019-08-14 14:53:50','2019-08-14 14:53:50'),
	(413,1,'admin/charts','GET','11.11.11.1','[]','2019-08-14 14:53:59','2019-08-14 14:53:59'),
	(414,1,'admin/charts','GET','11.11.11.1','[]','2019-08-14 14:54:07','2019-08-14 14:54:07'),
	(415,1,'admin/charts','GET','11.11.11.1','[]','2019-08-14 14:54:14','2019-08-14 14:54:14'),
	(416,1,'admin/charts','GET','11.11.11.1','[]','2019-08-14 14:54:48','2019-08-14 14:54:48'),
	(417,1,'admin/charts','GET','11.11.11.1','[]','2019-08-14 14:55:33','2019-08-14 14:55:33'),
	(418,1,'admin/charts','GET','11.11.11.1','[]','2019-08-14 14:55:43','2019-08-14 14:55:43'),
	(419,1,'admin/charts','GET','11.11.11.1','[]','2019-08-14 14:58:03','2019-08-14 14:58:03'),
	(420,1,'admin/charts','GET','11.11.11.1','[]','2019-08-14 14:59:33','2019-08-14 14:59:33'),
	(421,1,'admin/charts','GET','11.11.11.1','[]','2019-08-14 15:00:23','2019-08-14 15:00:23'),
	(422,1,'admin/charts','GET','11.11.11.1','[]','2019-08-14 15:00:59','2019-08-14 15:00:59'),
	(423,1,'admin/charts','GET','11.11.11.1','[]','2019-08-14 15:01:08','2019-08-14 15:01:08'),
	(424,1,'admin/charts','GET','11.11.11.1','[]','2019-08-14 15:01:21','2019-08-14 15:01:21'),
	(425,1,'admin/charts','GET','11.11.11.1','[]','2019-08-14 15:01:36','2019-08-14 15:01:36'),
	(426,1,'admin/charts','GET','11.11.11.1','[]','2019-08-14 15:01:47','2019-08-14 15:01:47'),
	(427,1,'admin/charts','GET','11.11.11.1','[]','2019-08-14 15:03:29','2019-08-14 15:03:29'),
	(428,1,'admin/charts','GET','11.11.11.1','[]','2019-08-14 15:04:07','2019-08-14 15:04:07'),
	(429,1,'admin/charts','GET','11.11.11.1','[]','2019-08-14 15:05:08','2019-08-14 15:05:08'),
	(430,1,'admin/charts','GET','11.11.11.1','[]','2019-08-14 15:06:22','2019-08-14 15:06:22'),
	(431,1,'admin/charts','GET','11.11.11.1','[]','2019-08-14 15:07:09','2019-08-14 15:07:09'),
	(432,1,'admin/charts','GET','11.11.11.1','[]','2019-08-14 15:07:54','2019-08-14 15:07:54'),
	(433,1,'admin/charts','GET','11.11.11.1','[]','2019-08-14 15:09:57','2019-08-14 15:09:57'),
	(434,1,'admin/charts','GET','11.11.11.1','[]','2019-08-14 15:10:26','2019-08-14 15:10:26'),
	(435,1,'admin/charts','GET','11.11.11.1','[]','2019-08-14 15:11:22','2019-08-14 15:11:22'),
	(436,1,'admin/charts','GET','11.11.11.1','[]','2019-08-14 15:12:51','2019-08-14 15:12:51'),
	(437,1,'admin/charts','GET','11.11.11.1','[]','2019-08-14 15:14:12','2019-08-14 15:14:12'),
	(438,1,'admin/charts','GET','11.11.11.1','[]','2019-08-14 15:15:15','2019-08-14 15:15:15'),
	(439,1,'admin/charts','GET','11.11.11.1','[]','2019-08-14 15:15:42','2019-08-14 15:15:42'),
	(440,1,'admin/charts','GET','11.11.11.1','[]','2019-08-14 15:15:51','2019-08-14 15:15:51'),
	(441,1,'admin/charts','GET','11.11.11.1','[]','2019-08-14 15:16:14','2019-08-14 15:16:14'),
	(442,1,'admin/charts','GET','11.11.11.1','[]','2019-08-14 15:16:22','2019-08-14 15:16:22'),
	(443,1,'admin/charts','GET','11.11.11.1','[]','2019-08-14 15:16:45','2019-08-14 15:16:45'),
	(444,1,'admin/charts','GET','11.11.11.1','[]','2019-08-14 17:15:52','2019-08-14 17:15:52'),
	(445,1,'admin/charts','GET','11.11.11.1','[]','2019-08-14 17:16:30','2019-08-14 17:16:30'),
	(446,1,'admin/charts','GET','11.11.11.1','[]','2019-08-14 17:17:02','2019-08-14 17:17:02'),
	(447,1,'admin/charts','GET','11.11.11.1','[]','2019-08-14 17:17:17','2019-08-14 17:17:17'),
	(448,1,'admin/charts','GET','11.11.11.1','[]','2019-08-14 17:17:35','2019-08-14 17:17:35'),
	(449,1,'admin/charts','GET','11.11.11.1','[]','2019-08-14 17:18:00','2019-08-14 17:18:00'),
	(450,1,'admin/charts','GET','11.11.11.1','[]','2019-08-14 17:18:17','2019-08-14 17:18:17'),
	(451,1,'admin/charts','GET','11.11.11.1','[]','2019-08-14 17:19:11','2019-08-14 17:19:11'),
	(452,1,'admin/charts','GET','11.11.11.1','[]','2019-08-14 17:19:46','2019-08-14 17:19:46'),
	(453,1,'admin/charts','GET','11.11.11.1','[]','2019-08-14 17:20:00','2019-08-14 17:20:00'),
	(454,1,'admin/charts','GET','11.11.11.1','[]','2019-08-14 17:20:15','2019-08-14 17:20:15'),
	(455,1,'admin/charts','GET','11.11.11.1','[]','2019-08-14 17:20:54','2019-08-14 17:20:54'),
	(456,1,'admin/charts','GET','11.11.11.1','[]','2019-08-14 17:21:05','2019-08-14 17:21:05'),
	(457,1,'admin/charts','GET','11.11.11.1','[]','2019-08-14 17:21:21','2019-08-14 17:21:21'),
	(458,1,'admin/charts','GET','11.11.11.1','[]','2019-08-14 17:24:24','2019-08-14 17:24:24'),
	(459,1,'admin/charts','GET','11.11.11.1','[]','2019-08-14 17:28:17','2019-08-14 17:28:17'),
	(460,1,'admin/charts','GET','11.11.11.1','[]','2019-08-14 17:28:39','2019-08-14 17:28:39'),
	(461,1,'admin/charts','GET','11.11.11.1','[]','2019-08-14 17:29:11','2019-08-14 17:29:11'),
	(462,1,'admin/charts','GET','11.11.11.1','[]','2019-08-14 17:30:00','2019-08-14 17:30:00'),
	(463,1,'admin/charts','GET','11.11.11.1','[]','2019-08-14 17:34:59','2019-08-14 17:34:59'),
	(464,1,'admin/charts','GET','11.11.11.1','[]','2019-08-14 17:35:28','2019-08-14 17:35:28'),
	(465,1,'admin/charts','GET','11.11.11.1','[]','2019-08-14 17:35:35','2019-08-14 17:35:35'),
	(466,1,'admin/charts','GET','11.11.11.1','[]','2019-08-14 17:37:51','2019-08-14 17:37:51'),
	(467,1,'admin/charts','GET','11.11.11.1','[]','2019-08-14 17:38:07','2019-08-14 17:38:07'),
	(468,1,'admin/charts','GET','11.11.11.1','[]','2019-08-14 17:39:12','2019-08-14 17:39:12'),
	(469,1,'admin/charts','GET','11.11.11.1','[]','2019-08-14 17:39:48','2019-08-14 17:39:48'),
	(470,1,'admin/charts','GET','11.11.11.1','[]','2019-08-14 17:40:01','2019-08-14 17:40:01'),
	(471,1,'admin/charts','GET','11.11.11.1','[]','2019-08-14 17:40:34','2019-08-14 17:40:34'),
	(472,1,'admin/charts','GET','11.11.11.1','[]','2019-08-14 17:40:43','2019-08-14 17:40:43'),
	(473,1,'admin/charts','GET','11.11.11.1','[]','2019-08-14 17:40:56','2019-08-14 17:40:56'),
	(474,1,'admin/charts','GET','11.11.11.1','[]','2019-08-14 17:41:21','2019-08-14 17:41:21'),
	(475,1,'admin/charts','GET','11.11.11.1','[]','2019-08-14 17:41:30','2019-08-14 17:41:30'),
	(476,1,'admin/charts','GET','11.11.11.1','[]','2019-08-14 17:41:54','2019-08-14 17:41:54'),
	(477,1,'admin/charts','GET','11.11.11.1','[]','2019-08-14 17:42:23','2019-08-14 17:42:23'),
	(478,1,'admin/charts','GET','11.11.11.1','[]','2019-08-14 17:42:42','2019-08-14 17:42:42'),
	(479,1,'admin/charts','GET','11.11.11.1','[]','2019-08-14 17:42:52','2019-08-14 17:42:52'),
	(480,1,'admin/charts','GET','11.11.11.1','[]','2019-08-14 17:43:29','2019-08-14 17:43:29'),
	(481,1,'admin/charts','GET','11.11.11.1','[]','2019-08-14 17:44:03','2019-08-14 17:44:03'),
	(482,1,'admin/charts','GET','11.11.11.1','[]','2019-08-14 17:45:06','2019-08-14 17:45:06'),
	(483,1,'admin/charts','GET','11.11.11.1','[]','2019-08-14 17:46:11','2019-08-14 17:46:11'),
	(484,1,'admin/charts','GET','11.11.11.1','[]','2019-08-14 17:46:38','2019-08-14 17:46:38'),
	(485,1,'admin/charts','GET','11.11.11.1','[]','2019-08-14 17:46:49','2019-08-14 17:46:49'),
	(486,1,'admin/charts','GET','11.11.11.1','[]','2019-08-14 17:47:04','2019-08-14 17:47:04'),
	(487,1,'admin/charts','GET','11.11.11.1','[]','2019-08-14 17:47:35','2019-08-14 17:47:35'),
	(488,1,'admin/charts','GET','11.11.11.1','[]','2019-08-14 17:48:34','2019-08-14 17:48:34'),
	(489,1,'admin/charts','GET','11.11.11.1','[]','2019-08-14 17:48:47','2019-08-14 17:48:47'),
	(490,1,'admin/charts','GET','11.11.11.1','[]','2019-08-14 17:48:56','2019-08-14 17:48:56'),
	(491,1,'admin/charts','GET','11.11.11.1','[]','2019-08-14 17:50:50','2019-08-14 17:50:50'),
	(492,1,'admin/charts','GET','11.11.11.1','[]','2019-08-14 17:51:05','2019-08-14 17:51:05'),
	(493,1,'admin/charts','GET','11.11.11.1','[]','2019-08-14 17:52:39','2019-08-14 17:52:39'),
	(494,1,'admin/charts','GET','11.11.11.1','[]','2019-08-14 17:53:48','2019-08-14 17:53:48'),
	(495,1,'admin/charts','GET','11.11.11.1','[]','2019-08-14 17:55:34','2019-08-14 17:55:34'),
	(496,1,'admin/charts','GET','11.11.11.1','[]','2019-08-14 17:56:55','2019-08-14 17:56:55'),
	(497,1,'admin/charts','GET','11.11.11.1','[]','2019-08-14 17:57:21','2019-08-14 17:57:21'),
	(498,1,'admin/charts','GET','11.11.11.1','[]','2019-08-14 17:57:47','2019-08-14 17:57:47'),
	(499,1,'admin/charts','GET','11.11.11.1','[]','2019-08-14 17:58:02','2019-08-14 17:58:02'),
	(500,1,'admin/charts','GET','11.11.11.1','[]','2019-08-14 17:58:11','2019-08-14 17:58:11'),
	(501,1,'admin/charts','GET','11.11.11.1','[]','2019-08-14 17:58:31','2019-08-14 17:58:31'),
	(502,1,'admin/charts','GET','11.11.11.1','[]','2019-08-14 17:59:15','2019-08-14 17:59:15'),
	(503,1,'admin/charts','GET','11.11.11.1','[]','2019-08-14 18:00:38','2019-08-14 18:00:38'),
	(504,1,'admin/charts','GET','11.11.11.1','[]','2019-08-14 18:00:57','2019-08-14 18:00:57'),
	(505,1,'admin/charts','GET','11.11.11.1','[]','2019-08-14 18:01:59','2019-08-14 18:01:59'),
	(506,1,'admin/charts','GET','11.11.11.1','[]','2019-08-14 18:04:08','2019-08-14 18:04:08'),
	(507,1,'admin/charts','GET','11.11.11.1','[]','2019-08-14 18:04:40','2019-08-14 18:04:40'),
	(508,1,'admin/charts','GET','11.11.11.1','[]','2019-08-14 18:05:13','2019-08-14 18:05:13'),
	(509,1,'admin/charts','GET','11.11.11.1','[]','2019-08-14 18:06:38','2019-08-14 18:06:38'),
	(510,1,'admin/charts','GET','11.11.11.1','[]','2019-08-14 18:07:04','2019-08-14 18:07:04'),
	(511,1,'admin/charts','GET','11.11.11.1','[]','2019-08-14 18:08:18','2019-08-14 18:08:18'),
	(512,1,'admin/charts','GET','11.11.11.1','[]','2019-08-14 18:08:52','2019-08-14 18:08:52'),
	(513,1,'admin/charts','GET','11.11.11.1','[]','2019-08-14 18:09:02','2019-08-14 18:09:02'),
	(514,1,'admin/charts','GET','11.11.11.1','[]','2019-08-14 18:10:08','2019-08-14 18:10:08'),
	(515,1,'admin/charts','GET','11.11.11.1','[]','2019-08-14 18:11:15','2019-08-14 18:11:15'),
	(516,1,'admin/charts','GET','11.11.11.1','[]','2019-08-14 18:11:48','2019-08-14 18:11:48'),
	(517,1,'admin/charts','GET','11.11.11.1','[]','2019-08-14 18:12:05','2019-08-14 18:12:05'),
	(518,1,'admin/charts','GET','11.11.11.1','[]','2019-08-14 18:12:20','2019-08-14 18:12:20'),
	(519,1,'admin/charts','GET','11.11.11.1','[]','2019-08-14 18:12:51','2019-08-14 18:12:51'),
	(520,1,'admin/charts','GET','11.11.11.1','[]','2019-08-14 18:13:00','2019-08-14 18:13:00'),
	(521,1,'admin/charts','GET','11.11.11.1','[]','2019-08-14 18:13:25','2019-08-14 18:13:25'),
	(522,1,'admin/charts','GET','11.11.11.1','[]','2019-08-14 18:13:36','2019-08-14 18:13:36'),
	(523,1,'admin/charts','GET','11.11.11.1','[]','2019-08-14 18:14:11','2019-08-14 18:14:11'),
	(524,1,'admin/charts','GET','11.11.11.1','[]','2019-08-14 18:16:56','2019-08-14 18:16:56'),
	(525,1,'admin/charts','GET','11.11.11.1','[]','2019-08-14 18:17:51','2019-08-14 18:17:51'),
	(526,1,'admin/charts','GET','11.11.11.1','[]','2019-08-14 18:18:12','2019-08-14 18:18:12'),
	(527,1,'admin/charts','GET','11.11.11.1','{\"grade_id\":\"1\"}','2019-08-14 18:18:16','2019-08-14 18:18:16'),
	(528,1,'admin/charts','GET','11.11.11.1','{\"grade_id\":\"1?grade_id=2\"}','2019-08-14 18:18:23','2019-08-14 18:18:23'),
	(529,1,'admin/charts','GET','11.11.11.1','{\"grade_id\":\"1?grade_id=2\"}','2019-08-14 18:20:02','2019-08-14 18:20:02'),
	(530,1,'admin/charts','GET','11.11.11.1','{\"grade_id\":\"1\"}','2019-08-14 18:20:07','2019-08-14 18:20:07'),
	(531,1,'admin/charts','GET','11.11.11.1','{\"grade_id\":\"0\"}','2019-08-14 18:20:11','2019-08-14 18:20:11'),
	(532,1,'admin/charts','GET','11.11.11.1','{\"grade_id\":\"0\"}','2019-08-14 18:21:03','2019-08-14 18:21:03'),
	(533,1,'admin/users','GET','11.11.11.1','{\"_pjax\":\"#pjax-container\"}','2019-08-14 18:21:08','2019-08-14 18:21:08'),
	(534,1,'admin/charts','GET','11.11.11.1','{\"_pjax\":\"#pjax-container\"}','2019-08-15 11:17:53','2019-08-15 11:17:53'),
	(535,1,'admin/charts','GET','11.11.11.1','[]','2019-08-15 11:36:54','2019-08-15 11:36:54'),
	(536,1,'admin/charts','GET','11.11.11.1','[]','2019-08-15 11:37:57','2019-08-15 11:37:57'),
	(537,1,'admin/charts','GET','11.11.11.1','[]','2019-08-15 11:38:36','2019-08-15 11:38:36'),
	(538,1,'admin/charts','GET','11.11.11.1','[]','2019-08-15 11:43:46','2019-08-15 11:43:46'),
	(539,1,'admin/charts','GET','11.11.11.1','[]','2019-08-15 11:44:27','2019-08-15 11:44:27'),
	(540,1,'admin/charts','GET','11.11.11.1','[]','2019-08-15 11:45:56','2019-08-15 11:45:56'),
	(541,1,'admin/charts','GET','11.11.11.1','[]','2019-08-15 11:47:26','2019-08-15 11:47:26'),
	(542,1,'admin/charts','GET','11.11.11.1','[]','2019-08-15 11:48:00','2019-08-15 11:48:00'),
	(543,1,'admin/charts','GET','11.11.11.1','[]','2019-08-15 11:52:11','2019-08-15 11:52:11'),
	(544,1,'admin/charts','GET','11.11.11.1','[]','2019-08-15 11:52:30','2019-08-15 11:52:30'),
	(545,1,'admin/charts','GET','11.11.11.1','[]','2019-08-15 11:53:49','2019-08-15 11:53:49'),
	(546,1,'admin/charts','GET','11.11.11.1','[]','2019-08-15 11:54:26','2019-08-15 11:54:26'),
	(547,1,'admin/charts','GET','11.11.11.1','[]','2019-08-15 11:55:11','2019-08-15 11:55:11'),
	(548,1,'admin/charts','GET','11.11.11.1','[]','2019-08-15 11:59:42','2019-08-15 11:59:42'),
	(549,1,'admin/charts','GET','11.11.11.1','[]','2019-08-15 11:59:56','2019-08-15 11:59:56'),
	(550,1,'admin/charts','GET','11.11.11.1','[]','2019-08-15 12:01:17','2019-08-15 12:01:17'),
	(551,1,'admin/charts','GET','11.11.11.1','[]','2019-08-15 12:03:25','2019-08-15 12:03:25'),
	(552,1,'admin/charts','GET','11.11.11.1','[]','2019-08-15 12:04:41','2019-08-15 12:04:41'),
	(553,1,'admin/charts','GET','11.11.11.1','[]','2019-08-15 12:05:40','2019-08-15 12:05:40'),
	(554,1,'admin/charts','GET','11.11.11.1','[]','2019-08-15 12:06:25','2019-08-15 12:06:25'),
	(555,1,'admin/charts','GET','11.11.11.1','[]','2019-08-15 12:07:04','2019-08-15 12:07:04'),
	(556,1,'admin/charts','GET','11.11.11.1','[]','2019-08-15 12:07:32','2019-08-15 12:07:32'),
	(557,1,'admin/charts','GET','11.11.11.1','[]','2019-08-15 12:08:22','2019-08-15 12:08:22'),
	(558,1,'admin/charts','GET','11.11.11.1','[]','2019-08-15 12:08:39','2019-08-15 12:08:39'),
	(559,1,'admin/charts','GET','11.11.11.1','[]','2019-08-15 12:11:07','2019-08-15 12:11:07'),
	(560,1,'admin/charts','GET','11.11.11.1','[]','2019-08-15 12:11:27','2019-08-15 12:11:27'),
	(561,1,'admin/charts','GET','11.11.11.1','[]','2019-08-15 12:11:50','2019-08-15 12:11:50'),
	(562,1,'admin/charts','GET','11.11.11.1','[]','2019-08-15 12:12:08','2019-08-15 12:12:08'),
	(563,1,'admin/charts','GET','11.11.11.1','[]','2019-08-15 12:12:38','2019-08-15 12:12:38'),
	(564,1,'admin/charts','GET','11.11.11.1','[]','2019-08-15 12:12:49','2019-08-15 12:12:49'),
	(565,1,'admin/charts','GET','11.11.11.1','[]','2019-08-15 12:13:55','2019-08-15 12:13:55'),
	(566,1,'admin/charts','GET','11.11.11.1','[]','2019-08-15 12:14:43','2019-08-15 12:14:43'),
	(567,1,'admin/charts','GET','11.11.11.1','[]','2019-08-15 12:15:14','2019-08-15 12:15:14'),
	(568,1,'admin/charts','GET','11.11.11.1','[]','2019-08-15 12:15:35','2019-08-15 12:15:35'),
	(569,1,'admin/charts','GET','11.11.11.1','[]','2019-08-15 12:15:59','2019-08-15 12:15:59'),
	(570,1,'admin/charts','GET','11.11.11.1','[]','2019-08-15 12:16:17','2019-08-15 12:16:17'),
	(571,1,'admin/charts','GET','11.11.11.1','[]','2019-08-15 12:16:34','2019-08-15 12:16:34'),
	(572,1,'admin/charts','GET','11.11.11.1','[]','2019-08-15 12:16:40','2019-08-15 12:16:40'),
	(573,1,'admin/charts','GET','11.11.11.1','[]','2019-08-15 12:16:55','2019-08-15 12:16:55'),
	(574,1,'admin/charts','GET','11.11.11.1','[]','2019-08-15 12:17:51','2019-08-15 12:17:51'),
	(575,1,'admin/charts','GET','11.11.11.1','[]','2019-08-15 12:18:45','2019-08-15 12:18:45'),
	(576,1,'admin/charts','GET','11.11.11.1','[]','2019-08-15 12:18:56','2019-08-15 12:18:56'),
	(577,1,'admin/charts','GET','11.11.11.1','[]','2019-08-15 12:19:48','2019-08-15 12:19:48'),
	(578,1,'admin/charts','GET','11.11.11.1','[]','2019-08-15 12:21:00','2019-08-15 12:21:00'),
	(579,1,'admin/charts','GET','11.11.11.1','[]','2019-08-15 12:21:09','2019-08-15 12:21:09'),
	(580,1,'admin/charts','GET','11.11.11.1','[]','2019-08-15 12:21:49','2019-08-15 12:21:49'),
	(581,1,'admin/charts','GET','11.11.11.1','[]','2019-08-15 12:22:17','2019-08-15 12:22:17'),
	(582,1,'admin/charts','GET','11.11.11.1','[]','2019-08-15 12:22:24','2019-08-15 12:22:24'),
	(583,1,'admin/charts','GET','11.11.11.1','[]','2019-08-15 12:24:11','2019-08-15 12:24:11'),
	(584,1,'admin/charts','GET','11.11.11.1','[]','2019-08-15 12:24:30','2019-08-15 12:24:30'),
	(585,1,'admin/charts','GET','11.11.11.1','[]','2019-08-15 12:27:04','2019-08-15 12:27:04'),
	(586,1,'admin/charts','GET','11.11.11.1','[]','2019-08-15 12:27:56','2019-08-15 12:27:56'),
	(587,1,'admin/charts','GET','11.11.11.1','[]','2019-08-15 12:28:12','2019-08-15 12:28:12'),
	(588,1,'admin/charts','GET','11.11.11.1','[]','2019-08-15 12:28:54','2019-08-15 12:28:54'),
	(589,1,'admin/charts','GET','11.11.11.1','[]','2019-08-15 12:29:25','2019-08-15 12:29:25'),
	(590,1,'admin/charts','GET','11.11.11.1','[]','2019-08-15 12:30:13','2019-08-15 12:30:13'),
	(591,1,'admin/charts','GET','11.11.11.1','[]','2019-08-15 12:30:23','2019-08-15 12:30:23'),
	(592,1,'admin/charts','GET','11.11.11.1','[]','2019-08-15 12:31:33','2019-08-15 12:31:33'),
	(593,1,'admin/charts','GET','11.11.11.1','[]','2019-08-15 12:34:49','2019-08-15 12:34:49'),
	(594,1,'admin/charts','GET','11.11.11.1','[]','2019-08-15 12:35:20','2019-08-15 12:35:20'),
	(595,1,'admin/charts','GET','11.11.11.1','[]','2019-08-15 12:36:03','2019-08-15 12:36:03'),
	(596,1,'admin/charts','GET','11.11.11.1','[]','2019-08-15 12:36:30','2019-08-15 12:36:30'),
	(597,1,'admin/charts','GET','11.11.11.1','[]','2019-08-15 12:36:48','2019-08-15 12:36:48'),
	(598,1,'admin/charts','GET','11.11.11.1','[]','2019-08-15 12:37:19','2019-08-15 12:37:19'),
	(599,1,'admin/charts','GET','11.11.11.1','[]','2019-08-15 12:37:43','2019-08-15 12:37:43'),
	(600,1,'admin/charts','GET','11.11.11.1','[]','2019-08-15 12:37:53','2019-08-15 12:37:53'),
	(601,1,'admin/charts','GET','11.11.11.1','[]','2019-08-15 12:42:57','2019-08-15 12:42:57'),
	(602,1,'admin/charts','GET','11.11.11.1','[]','2019-08-15 12:43:21','2019-08-15 12:43:21'),
	(603,1,'admin/charts','GET','11.11.11.1','[]','2019-08-15 12:49:14','2019-08-15 12:49:14'),
	(604,1,'admin/charts','GET','11.11.11.1','[]','2019-08-15 12:51:09','2019-08-15 12:51:09'),
	(605,1,'admin/charts','GET','11.11.11.1','[]','2019-08-15 12:52:00','2019-08-15 12:52:00'),
	(606,1,'admin/charts','GET','11.11.11.1','[]','2019-08-15 12:54:02','2019-08-15 12:54:02'),
	(607,1,'admin/charts','GET','11.11.11.1','[]','2019-08-15 12:57:22','2019-08-15 12:57:22'),
	(608,1,'admin/charts','GET','11.11.11.1','[]','2019-08-15 12:58:41','2019-08-15 12:58:41'),
	(609,1,'admin/charts','GET','11.11.11.1','[]','2019-08-15 12:59:04','2019-08-15 12:59:04'),
	(610,1,'admin/charts','GET','11.11.11.1','[]','2019-08-15 12:59:55','2019-08-15 12:59:55'),
	(611,1,'admin/charts','GET','11.11.11.1','[]','2019-08-15 13:00:35','2019-08-15 13:00:35'),
	(612,1,'admin/charts','GET','11.11.11.1','[]','2019-08-15 13:02:42','2019-08-15 13:02:42'),
	(613,1,'admin/charts','GET','11.11.11.1','[]','2019-08-15 14:11:37','2019-08-15 14:11:37'),
	(614,1,'admin/charts','GET','11.11.11.1','[]','2019-08-15 14:33:00','2019-08-15 14:33:00'),
	(615,1,'admin/charts','GET','11.11.11.1','[]','2019-08-15 14:33:35','2019-08-15 14:33:35'),
	(616,1,'admin/charts','GET','11.11.11.1','[]','2019-08-15 14:36:55','2019-08-15 14:36:55'),
	(617,1,'admin/charts','GET','11.11.11.1','[]','2019-08-15 14:37:34','2019-08-15 14:37:34'),
	(618,1,'admin/charts','GET','11.11.11.1','[]','2019-08-15 14:38:25','2019-08-15 14:38:25'),
	(619,1,'admin/charts','GET','11.11.11.1','[]','2019-08-15 14:38:38','2019-08-15 14:38:38'),
	(620,1,'admin/charts','GET','11.11.11.1','[]','2019-08-15 14:39:00','2019-08-15 14:39:00'),
	(621,1,'admin/charts','GET','11.11.11.1','[]','2019-08-15 14:39:23','2019-08-15 14:39:23'),
	(622,1,'admin/charts','GET','11.11.11.1','[]','2019-08-15 14:39:28','2019-08-15 14:39:28'),
	(623,1,'admin/charts','GET','11.11.11.1','[]','2019-08-15 14:39:34','2019-08-15 14:39:34'),
	(624,1,'admin/charts','GET','11.11.11.1','[]','2019-08-15 14:41:18','2019-08-15 14:41:18'),
	(625,1,'admin/charts','GET','11.11.11.1','[]','2019-08-15 14:41:58','2019-08-15 14:41:58'),
	(626,1,'admin/charts','GET','11.11.11.1','[]','2019-08-15 14:42:29','2019-08-15 14:42:29'),
	(627,1,'admin/charts','GET','11.11.11.1','[]','2019-08-15 14:47:43','2019-08-15 14:47:43'),
	(628,1,'admin/charts','GET','11.11.11.1','[]','2019-08-15 14:48:00','2019-08-15 14:48:00'),
	(629,1,'admin/charts','GET','11.11.11.1','[]','2019-08-15 14:48:07','2019-08-15 14:48:07'),
	(630,1,'admin/charts','GET','11.11.11.1','[]','2019-08-15 14:48:22','2019-08-15 14:48:22'),
	(631,1,'admin/charts','GET','11.11.11.1','[]','2019-08-15 14:48:27','2019-08-15 14:48:27'),
	(632,1,'admin/charts','GET','11.11.11.1','[]','2019-08-15 14:48:30','2019-08-15 14:48:30'),
	(633,1,'admin/charts','GET','11.11.11.1','[]','2019-08-15 14:49:36','2019-08-15 14:49:36'),
	(634,1,'admin/charts','GET','11.11.11.1','[]','2019-08-15 14:50:11','2019-08-15 14:50:11'),
	(635,1,'admin/charts','POST','11.11.11.1','{\"grade_id\":\"1\"}','2019-08-15 14:50:16','2019-08-15 14:50:16'),
	(636,1,'admin/charts','GET','11.11.11.1','[]','2019-08-15 14:50:41','2019-08-15 14:50:41'),
	(637,1,'admin/charts','POST','11.11.11.1','{\"grade_id\":\"0\"}','2019-08-15 14:50:45','2019-08-15 14:50:45'),
	(638,1,'admin/charts','POST','11.11.11.1','{\"grade_id\":\"1\"}','2019-08-15 14:50:50','2019-08-15 14:50:50'),
	(639,1,'admin/charts','POST','11.11.11.1','{\"grade_id\":\"2\"}','2019-08-15 14:50:58','2019-08-15 14:50:58'),
	(640,1,'admin/charts','GET','11.11.11.1','[]','2019-08-15 14:51:44','2019-08-15 14:51:44'),
	(641,1,'admin/charts','POST','11.11.11.1','{\"grade_id\":\"1\"}','2019-08-15 14:51:48','2019-08-15 14:51:48'),
	(642,1,'admin/charts','POST','11.11.11.1','{\"grade_id\":\"2\"}','2019-08-15 14:51:54','2019-08-15 14:51:54'),
	(643,1,'admin/charts','GET','11.11.11.1','[]','2019-08-15 14:56:41','2019-08-15 14:56:41'),
	(644,1,'admin/charts','POST','11.11.11.1','{\"grade_id\":\"1\"}','2019-08-15 14:56:45','2019-08-15 14:56:45'),
	(645,1,'admin/charts','POST','11.11.11.1','{\"grade_id\":\"2\"}','2019-08-15 14:57:11','2019-08-15 14:57:11'),
	(646,1,'admin/charts','GET','11.11.11.1','[]','2019-08-15 14:57:37','2019-08-15 14:57:37'),
	(647,1,'admin/charts','POST','11.11.11.1','{\"grade_id\":\"2\"}','2019-08-15 14:57:42','2019-08-15 14:57:42'),
	(648,1,'admin/charts','GET','11.11.11.1','[]','2019-08-15 14:59:40','2019-08-15 14:59:40'),
	(649,1,'admin/charts','POST','11.11.11.1','{\"grade_id\":\"1\"}','2019-08-15 14:59:45','2019-08-15 14:59:45'),
	(650,1,'admin/charts','POST','11.11.11.1','{\"grade_id\":\"2\"}','2019-08-15 14:59:50','2019-08-15 14:59:50'),
	(651,1,'admin/charts','GET','11.11.11.1','[]','2019-08-15 15:00:36','2019-08-15 15:00:36'),
	(652,1,'admin/charts','POST','11.11.11.1','{\"grade_id\":\"2\"}','2019-08-15 15:00:41','2019-08-15 15:00:41'),
	(653,1,'admin/charts','GET','11.11.11.1','[]','2019-08-15 15:02:25','2019-08-15 15:02:25'),
	(654,1,'admin/charts','POST','11.11.11.1','{\"grade_id\":\"1\"}','2019-08-15 15:02:29','2019-08-15 15:02:29'),
	(655,1,'admin/charts','POST','11.11.11.1','{\"grade_id\":\"2\"}','2019-08-15 15:02:36','2019-08-15 15:02:36'),
	(656,1,'admin/charts','GET','11.11.11.1','[]','2019-08-15 15:02:45','2019-08-15 15:02:45'),
	(657,1,'admin/charts','POST','11.11.11.1','{\"grade_id\":\"0\"}','2019-08-15 15:02:49','2019-08-15 15:02:49'),
	(658,1,'admin/charts','POST','11.11.11.1','{\"grade_id\":\"1\"}','2019-08-15 15:03:02','2019-08-15 15:03:02'),
	(659,1,'admin/charts','POST','11.11.11.1','{\"grade_id\":\"2\"}','2019-08-15 15:03:21','2019-08-15 15:03:21'),
	(660,1,'admin/charts','POST','11.11.11.1','{\"grade_id\":\"1\"}','2019-08-15 15:03:32','2019-08-15 15:03:32'),
	(661,1,'admin/charts','GET','11.11.11.1','[]','2019-08-15 15:04:38','2019-08-15 15:04:38'),
	(662,1,'admin/charts','POST','11.11.11.1','{\"grade_id\":\"1\"}','2019-08-15 15:04:43','2019-08-15 15:04:43'),
	(663,1,'admin/charts','GET','11.11.11.1','[]','2019-08-15 15:09:35','2019-08-15 15:09:35'),
	(664,1,'admin/charts','POST','11.11.11.1','{\"grade_id\":\"1\"}','2019-08-15 15:09:39','2019-08-15 15:09:39'),
	(665,1,'admin/charts','POST','11.11.11.1','{\"grade_id\":\"2\"}','2019-08-15 15:10:04','2019-08-15 15:10:04'),
	(666,1,'admin/charts','GET','11.11.11.1','[]','2019-08-15 15:14:13','2019-08-15 15:14:13'),
	(667,1,'admin/charts','POST','11.11.11.1','{\"grade_id\":\"1\"}','2019-08-15 15:14:17','2019-08-15 15:14:17'),
	(668,1,'admin/charts','POST','11.11.11.1','{\"grade_id\":\"2\"}','2019-08-15 15:14:32','2019-08-15 15:14:32'),
	(669,1,'admin/charts','GET','11.11.11.1','[]','2019-08-15 15:14:58','2019-08-15 15:14:58'),
	(670,1,'admin/charts','POST','11.11.11.1','{\"grade_id\":\"1\"}','2019-08-15 15:15:03','2019-08-15 15:15:03'),
	(671,1,'admin/charts','GET','11.11.11.1','[]','2019-08-15 15:15:26','2019-08-15 15:15:26'),
	(672,1,'admin/charts','POST','11.11.11.1','{\"grade_id\":\"1\"}','2019-08-15 15:15:30','2019-08-15 15:15:30'),
	(673,1,'admin/charts','GET','11.11.11.1','[]','2019-08-15 15:16:58','2019-08-15 15:16:58'),
	(674,1,'admin/charts','POST','11.11.11.1','{\"grade_id\":\"1\"}','2019-08-15 15:17:02','2019-08-15 15:17:02'),
	(675,1,'admin/charts','GET','11.11.11.1','[]','2019-08-15 15:17:19','2019-08-15 15:17:19'),
	(676,1,'admin/charts','POST','11.11.11.1','{\"grade_id\":\"1\"}','2019-08-15 15:17:23','2019-08-15 15:17:23'),
	(677,1,'admin/charts','GET','11.11.11.1','[]','2019-08-15 15:17:36','2019-08-15 15:17:36'),
	(678,1,'admin/charts','POST','11.11.11.1','{\"grade_id\":\"1\"}','2019-08-15 15:17:41','2019-08-15 15:17:41'),
	(679,1,'admin/charts','POST','11.11.11.1','{\"grade_id\":\"2\"}','2019-08-15 15:17:50','2019-08-15 15:17:50'),
	(680,1,'admin/charts','GET','11.11.11.1','[]','2019-08-15 15:18:03','2019-08-15 15:18:03'),
	(681,1,'admin/charts','POST','11.11.11.1','{\"grade_id\":\"1\"}','2019-08-15 15:18:07','2019-08-15 15:18:07'),
	(682,1,'admin/charts','POST','11.11.11.1','{\"grade_id\":\"2\"}','2019-08-15 15:18:11','2019-08-15 15:18:11'),
	(683,1,'admin/charts','GET','11.11.11.1','[]','2019-08-15 15:18:49','2019-08-15 15:18:49'),
	(684,1,'admin/charts','POST','11.11.11.1','{\"grade_id\":\"1\"}','2019-08-15 15:18:52','2019-08-15 15:18:52'),
	(685,1,'admin/charts','POST','11.11.11.1','{\"grade_id\":\"2\"}','2019-08-15 15:18:56','2019-08-15 15:18:56'),
	(686,1,'admin/charts','GET','11.11.11.1','[]','2019-08-15 15:19:02','2019-08-15 15:19:02'),
	(687,1,'admin/charts','POST','11.11.11.1','{\"grade_id\":\"1\"}','2019-08-15 15:19:06','2019-08-15 15:19:06'),
	(688,1,'admin/charts','POST','11.11.11.1','{\"grade_id\":\"2\"}','2019-08-15 15:19:10','2019-08-15 15:19:10'),
	(689,1,'admin/charts','GET','11.11.11.1','{\"_pjax\":\"#pjax-container\"}','2019-08-15 20:22:34','2019-08-15 20:22:34'),
	(690,1,'admin/users','GET','11.11.11.1','{\"_pjax\":\"#pjax-container\"}','2019-08-15 20:22:39','2019-08-15 20:22:39'),
	(691,1,'admin/questions','GET','11.11.11.1','{\"_pjax\":\"#pjax-container\"}','2019-08-15 20:22:46','2019-08-15 20:22:46'),
	(692,1,'admin/charts','GET','11.11.11.1','{\"_pjax\":\"#pjax-container\"}','2019-08-15 20:22:49','2019-08-15 20:22:49'),
	(693,1,'admin/charts','GET','11.11.11.1','[]','2019-08-15 20:23:04','2019-08-15 20:23:04'),
	(694,1,'admin/users','GET','11.11.11.1','{\"_pjax\":\"#pjax-container\"}','2019-08-15 20:23:20','2019-08-15 20:23:20'),
	(695,1,'admin/users','GET','11.11.11.1','[]','2019-08-15 20:24:14','2019-08-15 20:24:14'),
	(696,1,'admin/users','GET','11.11.11.1','[]','2019-08-15 20:29:33','2019-08-15 20:29:33'),
	(697,1,'admin/users','GET','11.11.11.1','{\"_export_\":\"all\"}','2019-08-15 20:29:44','2019-08-15 20:29:44'),
	(698,1,'admin/users','GET','11.11.11.1','[]','2019-08-15 20:39:43','2019-08-15 20:39:43'),
	(699,1,'admin/users','GET','11.11.11.1','{\"_export_\":\"all\"}','2019-08-15 20:39:47','2019-08-15 20:39:47'),
	(700,1,'admin/users','GET','11.11.11.1','[]','2019-08-15 20:42:09','2019-08-15 20:42:09'),
	(701,1,'admin/users','GET','11.11.11.1','{\"_export_\":\"all\"}','2019-08-15 20:42:14','2019-08-15 20:42:14'),
	(702,1,'admin/users','GET','11.11.11.1','[]','2019-08-15 20:43:28','2019-08-15 20:43:28'),
	(703,1,'admin/users','GET','11.11.11.1','{\"_export_\":\"all\"}','2019-08-15 20:43:43','2019-08-15 20:43:43'),
	(704,1,'admin/users','GET','11.11.11.1','[]','2019-08-15 20:46:35','2019-08-15 20:46:35'),
	(705,1,'admin/users','GET','11.11.11.1','{\"_export_\":\"all\"}','2019-08-15 20:46:41','2019-08-15 20:46:41'),
	(706,1,'admin/users','GET','11.11.11.1','{\"_export_\":\"all\"}','2019-08-15 20:47:18','2019-08-15 20:47:18'),
	(707,1,'admin/users','GET','11.11.11.1','{\"id\":null,\"grade_id\":\"2\",\"_pjax\":\"#pjax-container\"}','2019-08-15 21:08:12','2019-08-15 21:08:12'),
	(708,1,'admin/users','GET','11.11.11.1','[]','2019-08-15 21:08:13','2019-08-15 21:08:13'),
	(709,1,'admin/users','GET','11.11.11.1','[]','2019-08-15 21:08:15','2019-08-15 21:08:15'),
	(710,1,'admin/users','GET','11.11.11.1','[]','2019-08-15 21:08:16','2019-08-15 21:08:16'),
	(711,1,'admin/users','GET','11.11.11.1','[]','2019-08-15 21:08:19','2019-08-15 21:08:19'),
	(712,1,'admin/users','GET','11.11.11.1','[]','2019-08-15 21:08:20','2019-08-15 21:08:20'),
	(713,1,'admin/users','GET','11.11.11.1','[]','2019-08-15 21:08:22','2019-08-15 21:08:22'),
	(714,1,'admin/users','GET','11.11.11.1','[]','2019-08-15 21:08:23','2019-08-15 21:08:23'),
	(715,1,'admin/users','GET','11.11.11.1','[]','2019-08-15 21:08:24','2019-08-15 21:08:24'),
	(716,1,'admin/users','GET','11.11.11.1','[]','2019-08-15 21:08:25','2019-08-15 21:08:25'),
	(717,1,'admin/users','GET','11.11.11.1','[]','2019-08-15 21:08:27','2019-08-15 21:08:27'),
	(718,1,'admin/users','GET','11.11.11.1','[]','2019-08-15 21:08:28','2019-08-15 21:08:28'),
	(719,1,'admin/users','GET','11.11.11.1','[]','2019-08-15 21:08:29','2019-08-15 21:08:29'),
	(720,1,'admin/users','GET','11.11.11.1','[]','2019-08-15 21:08:31','2019-08-15 21:08:31'),
	(721,1,'admin/users','GET','11.11.11.1','[]','2019-08-15 21:08:32','2019-08-15 21:08:32'),
	(722,1,'admin/users','GET','11.11.11.1','[]','2019-08-15 21:08:34','2019-08-15 21:08:34'),
	(723,1,'admin/users','GET','11.11.11.1','[]','2019-08-15 21:08:36','2019-08-15 21:08:36'),
	(724,1,'admin/users','GET','11.11.11.1','[]','2019-08-15 21:08:37','2019-08-15 21:08:37'),
	(725,1,'admin/users','GET','11.11.11.1','[]','2019-08-15 21:08:39','2019-08-15 21:08:39'),
	(726,1,'admin/users','GET','11.11.11.1','[]','2019-08-15 21:08:40','2019-08-15 21:08:40'),
	(727,1,'admin/users','GET','11.11.11.1','[]','2019-08-15 21:08:41','2019-08-15 21:08:41'),
	(728,1,'admin/users','GET','11.11.11.1','{\"id\":null,\"grade_id\":\"2\"}','2019-08-15 21:08:42','2019-08-15 21:08:42'),
	(729,1,'admin/users','GET','11.11.11.1','{\"id\":null,\"grade_id\":\"2\"}','2019-08-15 21:11:43','2019-08-15 21:11:43'),
	(730,1,'admin/users','GET','11.11.11.1','{\"id\":null,\"grade_id\":\"2\"}','2019-08-15 21:18:57','2019-08-15 21:18:57'),
	(731,1,'admin/users','GET','11.11.11.1','{\"grade_id\":\"2\",\"_export_\":\"all\"}','2019-08-15 21:19:01','2019-08-15 21:19:01'),
	(732,1,'admin/users','GET','11.11.11.1','{\"grade_id\":\"2\",\"_export_\":\"all\"}','2019-08-15 21:19:33','2019-08-15 21:19:33'),
	(733,1,'admin/users','GET','11.11.11.1','{\"grade_id\":\"2\",\"_export_\":\"all\"}','2019-08-15 21:19:52','2019-08-15 21:19:52'),
	(734,1,'admin/users','GET','11.11.11.1','{\"grade_id\":\"2\",\"_export_\":\"all\"}','2019-08-15 21:20:32','2019-08-15 21:20:32'),
	(735,1,'admin/users','GET','11.11.11.1','{\"grade_id\":\"2\",\"_export_\":\"all\"}','2019-08-15 21:20:44','2019-08-15 21:20:44'),
	(736,1,'admin/users','GET','11.11.11.1','{\"grade_id\":\"2\",\"_export_\":\"all\"}','2019-08-15 21:21:13','2019-08-15 21:21:13'),
	(737,1,'admin/users','GET','11.11.11.1','{\"id\":null,\"grade_id\":\"2\"}','2019-08-15 21:22:02','2019-08-15 21:22:02'),
	(738,1,'admin/users','GET','11.11.11.1','{\"grade_id\":\"2\",\"_export_\":\"all\"}','2019-08-15 21:22:06','2019-08-15 21:22:06'),
	(739,1,'admin/users','GET','11.11.11.1','[]','2019-08-15 21:24:28','2019-08-15 21:24:28'),
	(740,1,'admin/users','GET','11.11.11.1','{\"_export_\":\"all\"}','2019-08-15 21:24:35','2019-08-15 21:24:35'),
	(741,1,'admin/records','GET','11.11.11.1','{\"_pjax\":\"#pjax-container\"}','2019-08-15 21:24:56','2019-08-15 21:24:56'),
	(742,1,'admin/records','GET','11.11.11.1','[]','2019-08-15 21:29:14','2019-08-15 21:29:14'),
	(743,1,'admin/records','GET','11.11.11.1','{\"_export_\":\"all\"}','2019-08-15 21:29:19','2019-08-15 21:29:19'),
	(744,1,'admin/records','GET','11.11.11.1','{\"_export_\":\"all\"}','2019-08-15 21:29:41','2019-08-15 21:29:41'),
	(745,1,'admin/records','GET','11.11.11.1','{\"_export_\":\"all\"}','2019-08-15 21:30:13','2019-08-15 21:30:13'),
	(746,1,'admin/records','GET','11.11.11.1','{\"_export_\":\"all\"}','2019-08-15 21:31:09','2019-08-15 21:31:09'),
	(747,1,'admin/records','GET','11.11.11.1','{\"id\":null,\"31f0ef094092de23b7f6502f57435339\":null,\"0ebd8050022ce1e6f80161bf3855ec98\":\"1\",\"_pjax\":\"#pjax-container\"}','2019-08-15 21:31:32','2019-08-15 21:31:32'),
	(748,1,'admin/records','GET','11.11.11.1','{\"0ebd8050022ce1e6f80161bf3855ec98\":\"1\",\"_pjax\":\"#pjax-container\",\"_export_\":\"page:1\"}','2019-08-15 21:31:37','2019-08-15 21:31:37'),
	(749,1,'admin','GET','11.11.11.1','[]','2019-08-15 21:46:18','2019-08-15 21:46:18'),
	(750,1,'admin/users','GET','11.11.11.1','{\"_pjax\":\"#pjax-container\"}','2019-08-15 21:46:56','2019-08-15 21:46:56'),
	(751,1,'admin/users','GET','11.11.11.1','[]','2019-08-15 21:49:53','2019-08-15 21:49:53'),
	(752,1,'admin/users','GET','11.11.11.1','[]','2019-08-15 21:50:09','2019-08-15 21:50:09'),
	(753,1,'admin/users','GET','11.11.11.1','[]','2019-08-15 21:51:12','2019-08-15 21:51:12'),
	(754,1,'admin/users','GET','11.11.11.1','[]','2019-08-15 22:01:34','2019-08-15 22:01:34'),
	(755,1,'admin/users','GET','11.11.11.1','[]','2019-08-15 22:03:48','2019-08-15 22:03:48'),
	(756,1,'admin/users','GET','11.11.11.1','[]','2019-08-15 22:06:25','2019-08-15 22:06:25'),
	(757,1,'admin/users','GET','11.11.11.1','[]','2019-08-15 22:07:13','2019-08-15 22:07:13'),
	(758,1,'admin/users','GET','11.11.11.1','[]','2019-08-15 22:08:56','2019-08-15 22:08:56'),
	(759,1,'admin/users','GET','11.11.11.1','[]','2019-08-15 22:14:07','2019-08-15 22:14:07'),
	(760,1,'admin/users','GET','11.11.11.1','[]','2019-08-15 22:15:40','2019-08-15 22:15:40'),
	(761,1,'admin/users','GET','11.11.11.1','[]','2019-08-15 22:18:58','2019-08-15 22:18:58'),
	(762,1,'admin/users','GET','11.11.11.1','[]','2019-08-15 22:19:34','2019-08-15 22:19:34'),
	(763,1,'admin/users','GET','11.11.11.1','[]','2019-08-15 22:20:10','2019-08-15 22:20:10'),
	(764,1,'admin/users','GET','11.11.11.1','[]','2019-08-15 22:20:18','2019-08-15 22:20:18'),
	(765,1,'admin/users','GET','11.11.11.1','[]','2019-08-15 22:20:25','2019-08-15 22:20:25'),
	(766,1,'admin/users','GET','11.11.11.1','[]','2019-08-15 22:21:17','2019-08-15 22:21:17'),
	(767,1,'admin/users','GET','11.11.11.1','[]','2019-08-15 22:21:24','2019-08-15 22:21:24'),
	(768,1,'admin/users','GET','11.11.11.1','[]','2019-08-15 22:21:28','2019-08-15 22:21:28'),
	(769,1,'admin/_handle_action_','POST','11.11.11.1','{\"_token\":\"Mr5r9cEirIXlUGBK2VcRusHdqaiP4r6gdvUQqZuF\",\"_action\":\"App_Admin_Actions_Import\"}','2019-08-15 22:22:05','2019-08-15 22:22:05'),
	(770,1,'admin/users','GET','11.11.11.1','[]','2019-08-15 22:22:11','2019-08-15 22:22:11'),
	(771,1,'admin/_handle_action_','POST','11.11.11.1','{\"_token\":\"Mr5r9cEirIXlUGBK2VcRusHdqaiP4r6gdvUQqZuF\",\"_action\":\"App_Admin_Actions_Import\"}','2019-08-15 22:23:26','2019-08-15 22:23:26'),
	(772,1,'admin/users','GET','11.11.11.1','[]','2019-08-15 22:23:33','2019-08-15 22:23:33'),
	(773,1,'admin/users','GET','11.11.11.1','[]','2019-08-15 22:26:24','2019-08-15 22:26:24'),
	(774,1,'admin/_handle_action_','POST','11.11.11.1','{\"_token\":\"Mr5r9cEirIXlUGBK2VcRusHdqaiP4r6gdvUQqZuF\",\"_action\":\"App_Admin_Actions_Import\"}','2019-08-15 22:26:34','2019-08-15 22:26:34'),
	(775,1,'admin/_handle_action_','POST','11.11.11.1','{\"_token\":\"Mr5r9cEirIXlUGBK2VcRusHdqaiP4r6gdvUQqZuF\",\"_action\":\"App_Admin_Actions_Import\"}','2019-08-15 22:26:47','2019-08-15 22:26:47'),
	(776,1,'admin/_handle_action_','POST','11.11.11.1','{\"_token\":\"Mr5r9cEirIXlUGBK2VcRusHdqaiP4r6gdvUQqZuF\",\"_action\":\"App_Admin_Actions_Import\"}','2019-08-15 22:33:02','2019-08-15 22:33:02'),
	(777,1,'admin/_handle_action_','POST','11.11.11.1','{\"_token\":\"Mr5r9cEirIXlUGBK2VcRusHdqaiP4r6gdvUQqZuF\",\"_action\":\"App_Admin_Actions_Import\"}','2019-08-15 22:33:36','2019-08-15 22:33:36'),
	(778,1,'admin/_handle_action_','POST','11.11.11.1','{\"_token\":\"Mr5r9cEirIXlUGBK2VcRusHdqaiP4r6gdvUQqZuF\",\"_action\":\"App_Admin_Actions_Import\"}','2019-08-15 22:34:24','2019-08-15 22:34:24'),
	(779,1,'admin/_handle_action_','POST','11.11.11.1','{\"_token\":\"Mr5r9cEirIXlUGBK2VcRusHdqaiP4r6gdvUQqZuF\",\"_action\":\"App_Admin_Actions_Import\"}','2019-08-15 22:34:43','2019-08-15 22:34:43'),
	(780,1,'admin/_handle_action_','POST','11.11.11.1','{\"_token\":\"Mr5r9cEirIXlUGBK2VcRusHdqaiP4r6gdvUQqZuF\",\"_action\":\"App_Admin_Actions_Import\"}','2019-08-15 22:34:55','2019-08-15 22:34:55'),
	(781,1,'admin/users','GET','11.11.11.1','[]','2019-08-15 22:38:56','2019-08-15 22:38:56'),
	(782,1,'admin/_handle_action_','POST','11.11.11.1','{\"_token\":\"Mr5r9cEirIXlUGBK2VcRusHdqaiP4r6gdvUQqZuF\",\"_action\":\"App_Admin_Actions_Import\"}','2019-08-15 22:39:11','2019-08-15 22:39:11'),
	(783,1,'admin/_handle_action_','POST','11.11.11.1','{\"_token\":\"Mr5r9cEirIXlUGBK2VcRusHdqaiP4r6gdvUQqZuF\",\"_action\":\"App_Admin_Actions_Import\"}','2019-08-15 22:40:07','2019-08-15 22:40:07'),
	(784,1,'admin/users','GET','11.11.11.1','[]','2019-08-15 22:41:42','2019-08-15 22:41:42'),
	(785,1,'admin/_handle_action_','POST','11.11.11.1','{\"_token\":\"Mr5r9cEirIXlUGBK2VcRusHdqaiP4r6gdvUQqZuF\",\"_action\":\"App_Admin_Actions_Import\"}','2019-08-15 22:41:52','2019-08-15 22:41:52'),
	(786,1,'admin/_handle_action_','POST','11.11.11.1','{\"_token\":\"Mr5r9cEirIXlUGBK2VcRusHdqaiP4r6gdvUQqZuF\",\"_action\":\"App_Admin_Actions_Import\"}','2019-08-15 22:44:46','2019-08-15 22:44:46'),
	(787,1,'admin/users','GET','11.11.11.1','[]','2019-08-15 22:45:28','2019-08-15 22:45:28'),
	(788,1,'admin/users','GET','11.11.11.1','[]','2019-08-15 22:45:49','2019-08-15 22:45:49'),
	(789,1,'admin/_handle_action_','POST','11.11.11.1','{\"_token\":\"Mr5r9cEirIXlUGBK2VcRusHdqaiP4r6gdvUQqZuF\",\"_action\":\"App_Admin_Actions_Import\"}','2019-08-15 22:46:00','2019-08-15 22:46:00'),
	(790,1,'admin/users','GET','11.11.11.1','{\"_pjax\":\"#pjax-container\"}','2019-08-15 22:46:01','2019-08-15 22:46:01'),
	(791,1,'admin/users','GET','11.11.11.1','[]','2019-08-15 22:46:16','2019-08-15 22:46:16'),
	(792,1,'admin/users','GET','11.11.11.1','[]','2019-08-15 22:46:19','2019-08-15 22:46:19'),
	(793,1,'admin/users','GET','11.11.11.1','[]','2019-08-15 22:47:03','2019-08-15 22:47:03'),
	(794,1,'admin/_handle_action_','POST','11.11.11.1','{\"_token\":\"Mr5r9cEirIXlUGBK2VcRusHdqaiP4r6gdvUQqZuF\",\"_action\":\"App_Admin_Actions_Import\"}','2019-08-15 22:47:19','2019-08-15 22:47:19'),
	(795,1,'admin/users','GET','11.11.11.1','{\"_pjax\":\"#pjax-container\"}','2019-08-15 22:47:21','2019-08-15 22:47:21'),
	(796,1,'admin/questions','GET','11.11.11.1','{\"_pjax\":\"#pjax-container\"}','2019-08-15 22:53:17','2019-08-15 22:53:17'),
	(797,1,'admin/_handle_action_','POST','11.11.11.1','{\"_token\":\"Mr5r9cEirIXlUGBK2VcRusHdqaiP4r6gdvUQqZuF\",\"_action\":\"App_Admin_Actions_QsImport\"}','2019-08-15 22:53:40','2019-08-15 22:53:40'),
	(798,1,'admin/questions','GET','11.11.11.1','{\"_pjax\":\"#pjax-container\"}','2019-08-15 22:53:42','2019-08-15 22:53:42'),
	(799,1,'admin','GET','11.11.11.1','[]','2019-08-17 17:49:23','2019-08-17 17:49:23'),
	(800,1,'admin','GET','11.11.11.1','[]','2019-08-17 17:49:25','2019-08-17 17:49:25'),
	(801,1,'admin/records','GET','11.11.11.1','{\"_pjax\":\"#pjax-container\"}','2019-08-17 17:49:31','2019-08-17 17:49:31'),
	(802,1,'admin/records','GET','11.11.11.1','[]','2019-08-17 17:50:52','2019-08-17 17:50:52'),
	(803,1,'admin/records','GET','11.11.11.1','{\"_sort\":{\"column\":\"score\",\"type\":\"desc\"},\"_pjax\":\"#pjax-container\"}','2019-08-17 17:50:56','2019-08-17 17:50:56'),
	(804,1,'admin/records','GET','11.11.11.1','{\"_sort\":{\"column\":\"score\",\"type\":\"asc\"},\"_pjax\":\"#pjax-container\"}','2019-08-17 17:51:01','2019-08-17 17:51:01');

/*!40000 ALTER TABLE `admin_operation_log` ENABLE KEYS */;
UNLOCK TABLES;


# Dump of table admin_permissions
# ------------------------------------------------------------

LOCK TABLES `admin_permissions` WRITE;
/*!40000 ALTER TABLE `admin_permissions` DISABLE KEYS */;

INSERT INTO `admin_permissions` (`id`, `name`, `slug`, `http_method`, `http_path`, `created_at`, `updated_at`)
VALUES
	(1,'All permission','*','','*',NULL,NULL),
	(2,'Dashboard','dashboard','GET','/',NULL,NULL),
	(3,'Login','auth.login','','/auth/login\r\n/auth/logout',NULL,NULL),
	(4,'User setting','auth.setting','GET,PUT','/auth/setting',NULL,NULL),
	(5,'Auth management','auth.management','','/auth/roles\r\n/auth/permissions\r\n/auth/menu\r\n/auth/logs',NULL,NULL);

/*!40000 ALTER TABLE `admin_permissions` ENABLE KEYS */;
UNLOCK TABLES;


# Dump of table admin_role_menu
# ------------------------------------------------------------

LOCK TABLES `admin_role_menu` WRITE;
/*!40000 ALTER TABLE `admin_role_menu` DISABLE KEYS */;

INSERT INTO `admin_role_menu` (`role_id`, `menu_id`, `created_at`, `updated_at`)
VALUES
	(1,2,NULL,NULL);

/*!40000 ALTER TABLE `admin_role_menu` ENABLE KEYS */;
UNLOCK TABLES;


# Dump of table admin_role_permissions
# ------------------------------------------------------------

LOCK TABLES `admin_role_permissions` WRITE;
/*!40000 ALTER TABLE `admin_role_permissions` DISABLE KEYS */;

INSERT INTO `admin_role_permissions` (`role_id`, `permission_id`, `created_at`, `updated_at`)
VALUES
	(1,1,NULL,NULL);

/*!40000 ALTER TABLE `admin_role_permissions` ENABLE KEYS */;
UNLOCK TABLES;


# Dump of table admin_role_users
# ------------------------------------------------------------

LOCK TABLES `admin_role_users` WRITE;
/*!40000 ALTER TABLE `admin_role_users` DISABLE KEYS */;

INSERT INTO `admin_role_users` (`role_id`, `user_id`, `created_at`, `updated_at`)
VALUES
	(1,1,NULL,NULL);

/*!40000 ALTER TABLE `admin_role_users` ENABLE KEYS */;
UNLOCK TABLES;


# Dump of table admin_roles
# ------------------------------------------------------------

LOCK TABLES `admin_roles` WRITE;
/*!40000 ALTER TABLE `admin_roles` DISABLE KEYS */;

INSERT INTO `admin_roles` (`id`, `name`, `slug`, `created_at`, `updated_at`)
VALUES
	(1,'Administrator','administrator','2019-08-13 18:03:29','2019-08-13 18:03:29');

/*!40000 ALTER TABLE `admin_roles` ENABLE KEYS */;
UNLOCK TABLES;


# Dump of table admin_user_permissions
# ------------------------------------------------------------



# Dump of table admin_users
# ------------------------------------------------------------

LOCK TABLES `admin_users` WRITE;
/*!40000 ALTER TABLE `admin_users` DISABLE KEYS */;

INSERT INTO `admin_users` (`id`, `username`, `password`, `name`, `avatar`, `remember_token`, `created_at`, `updated_at`)
VALUES
	(1,'admin','$2y$10$nHghNzb8kgntTQNFgIVgCuA3iHzBmt32kpxEppIWuuNrse4pcU8l.','Administrator',NULL,'Pdo3mKqcwPLulkwVjOTSlRAALePpnuSveoXdOKHNyGeNOuU66pl0taJ2dMds','2019-08-13 18:03:29','2019-08-13 18:03:29');

/*!40000 ALTER TABLE `admin_users` ENABLE KEYS */;
UNLOCK TABLES;


# Dump of table answers
# ------------------------------------------------------------

LOCK TABLES `answers` WRITE;
/*!40000 ALTER TABLE `answers` DISABLE KEYS */;

INSERT INTO `answers` (`id`, `question_id`, `title`, `img`, `is_right`, `created_at`, `updated_at`)
VALUES
	(1,1,'《金陵记》',NULL,1,'2019-08-13 17:52:03','2019-08-13 17:52:03'),
	(2,1,'《石头记》',NULL,0,'2019-08-13 17:52:03','2019-08-13 17:52:03'),
	(3,1,'《西厢记》',NULL,0,'2019-08-13 17:52:03','2019-08-13 17:52:03'),
	(4,1,'《紫钗记》',NULL,0,'2019-08-13 17:52:03','2019-08-13 17:52:03'),
	(5,2,'泰山',NULL,1,'2019-08-13 17:52:03','2019-08-13 17:52:03'),
	(6,2,'华山',NULL,1,'2019-08-13 17:52:03','2019-08-13 17:52:03'),
	(7,2,'嵩山',NULL,1,'2019-08-13 17:52:03','2019-08-13 17:52:03'),
	(8,2,'黄山',NULL,0,'2019-08-13 17:52:03','2019-08-13 17:52:03'),
	(9,3,'《金陵记》',NULL,1,'2019-08-13 20:39:09','2019-08-13 20:39:09'),
	(10,3,'《石头记》',NULL,0,'2019-08-13 20:39:09','2019-08-13 20:39:09'),
	(11,3,'《西厢记》',NULL,0,'2019-08-13 20:39:09','2019-08-13 20:39:09'),
	(12,3,'《紫钗记》',NULL,0,'2019-08-13 20:39:09','2019-08-13 20:39:09'),
	(13,4,'泰山',NULL,1,'2019-08-13 20:39:09','2019-08-13 20:39:09'),
	(14,4,'华山',NULL,1,'2019-08-13 20:39:09','2019-08-13 20:39:09'),
	(15,4,'嵩山',NULL,1,'2019-08-13 20:39:09','2019-08-13 20:39:09'),
	(16,4,'黄山',NULL,0,'2019-08-13 20:39:09','2019-08-13 20:39:09'),
	(17,7,'《金陵记》',NULL,1,'2019-08-13 22:13:46','2019-08-13 22:13:46'),
	(18,7,'《石头记》',NULL,0,'2019-08-13 22:13:46','2019-08-13 22:13:46'),
	(19,7,'《西厢记》',NULL,0,'2019-08-13 22:13:46','2019-08-13 22:13:46'),
	(20,7,'《紫钗记》',NULL,0,'2019-08-13 22:13:46','2019-08-13 22:13:46'),
	(21,8,'泰山',NULL,1,'2019-08-13 22:13:46','2019-08-13 22:13:46'),
	(22,8,'华山',NULL,1,'2019-08-13 22:13:46','2019-08-13 22:13:46'),
	(23,8,'嵩山',NULL,1,'2019-08-13 22:13:46','2019-08-13 22:13:46'),
	(24,8,'黄山',NULL,0,'2019-08-13 22:13:46','2019-08-13 22:13:46'),
	(25,9,'《金陵记》',NULL,1,'2019-08-15 22:53:40','2019-08-15 22:53:40'),
	(26,9,'《石头记》',NULL,0,'2019-08-15 22:53:40','2019-08-15 22:53:40'),
	(27,9,'《西厢记》',NULL,0,'2019-08-15 22:53:40','2019-08-15 22:53:40'),
	(28,9,'《紫钗记》',NULL,0,'2019-08-15 22:53:40','2019-08-15 22:53:40'),
	(29,10,'泰山',NULL,1,'2019-08-15 22:53:40','2019-08-15 22:53:40'),
	(30,10,'华山',NULL,1,'2019-08-15 22:53:40','2019-08-15 22:53:40'),
	(31,10,'嵩山',NULL,1,'2019-08-15 22:53:40','2019-08-15 22:53:40'),
	(32,10,'黄山',NULL,0,'2019-08-15 22:53:40','2019-08-15 22:53:40');

/*!40000 ALTER TABLE `answers` ENABLE KEYS */;
UNLOCK TABLES;


# Dump of table grades
# ------------------------------------------------------------

LOCK TABLES `grades` WRITE;
/*!40000 ALTER TABLE `grades` DISABLE KEYS */;

INSERT INTO `grades` (`id`, `name`, `created_at`, `updated_at`)
VALUES
	(1,'一年级','2019-08-13 17:52:03','2019-08-13 17:52:03'),
	(2,'二年级','2019-08-13 17:52:03','2019-08-13 17:52:03'),
	(5,'五年级','2019-08-15 21:45:29','2019-08-15 21:45:29');

/*!40000 ALTER TABLE `grades` ENABLE KEYS */;
UNLOCK TABLES;


# Dump of table migrations
# ------------------------------------------------------------

LOCK TABLES `migrations` WRITE;
/*!40000 ALTER TABLE `migrations` DISABLE KEYS */;

INSERT INTO `migrations` (`id`, `migration`, `batch`)
VALUES
	(1,'2014_10_12_000000_create_users_table',1),
	(2,'2014_10_12_100000_create_password_resets_table',1),
	(3,'2016_01_04_173148_create_admin_tables',1),
	(4,'2019_06_02_060418_create_questions_table',1),
	(5,'2019_06_02_060848_create_answers_table',1),
	(6,'2019_06_02_061714_create_records_table',1),
	(7,'2019_06_02_061806_create_record_details_table',1),
	(8,'2019_08_13_173830_create_grades_table',1);

/*!40000 ALTER TABLE `migrations` ENABLE KEYS */;
UNLOCK TABLES;


# Dump of table password_resets
# ------------------------------------------------------------



# Dump of table questions
# ------------------------------------------------------------

LOCK TABLES `questions` WRITE;
/*!40000 ALTER TABLE `questions` DISABLE KEYS */;

INSERT INTO `questions` (`id`, `title`, `type`, `desc`, `img`, `level`, `created_at`, `updated_at`, `tree_sign`)
VALUES
	(1,'《红楼梦》是我国古代著名的长篇小说之一，它的别名是（）',1,'《红楼梦》，中国古典四大名著之首，清代作家曹雪芹创作的章回体长篇小说 ，又名《石头记》《金玉缘》',NULL,1,'2019-08-13 17:52:03','2019-08-13 17:52:03',1),
	(2,'我国有“三山五岳”之称，其中五岳包括以下哪座山？',2,'五岳指泰山、华山、衡山、嵩山、恒山',NULL,2,'2019-08-13 17:52:03','2019-08-13 17:52:03',1),
	(3,'《红楼梦》是我国古代著名的长篇小说之一，它的别名是（）',1,'《红楼梦》，中国古典四大名著之首，清代作家曹雪芹创作的章回体长篇小说 ，又名《石头记》《金玉缘》','2.jpg',1,'2019-08-13 20:39:09','2019-08-13 20:39:09',1),
	(4,'我国有“三山五岳”之称，其中五岳包括以下哪座山？',2,'五岳指泰山、华山、衡山、嵩山、恒山',NULL,2,'2019-08-13 20:39:09','2019-08-13 20:39:09',2),
	(7,'《红楼梦》是我国古代著名的长篇小说之一，它的别名是（）',1,'《红楼梦》，中国古典四大名著之首，清代作家曹雪芹创作的章回体长篇小说 ，又名《石头记》《金玉缘》','2.jpg',1,'2019-08-13 22:13:46','2019-08-13 22:13:46',1),
	(8,'我国有“三山五岳”之称，其中五岳包括以下哪座山？',2,'五岳指泰山、华山、衡山、嵩山、恒山',NULL,2,'2019-08-13 22:13:46','2019-08-13 22:13:46',2),
	(9,'《红楼梦》是我国古代著名的长篇小说之一，它的别名是（）',1,'《红楼梦》，中国古典四大名著之首，清代作家曹雪芹创作的章回体长篇小说 ，又名《石头记》《金玉缘》','2.jpg',1,'2019-08-15 22:53:40','2019-08-15 22:53:40',1),
	(10,'我国有“三山五岳”之称，其中五岳包括以下哪座山？',2,'五岳指泰山、华山、衡山、嵩山、恒山',NULL,2,'2019-08-15 22:53:40','2019-08-15 22:53:40',2);

/*!40000 ALTER TABLE `questions` ENABLE KEYS */;
UNLOCK TABLES;


# Dump of table record_details
# ------------------------------------------------------------

LOCK TABLES `record_details` WRITE;
/*!40000 ALTER TABLE `record_details` DISABLE KEYS */;

INSERT INTO `record_details` (`id`, `record_id`, `user_id`, `question_id`, `answer_ids`, `created_at`, `updated_at`, `is_right`, `score`)
VALUES
	(1,1,1,1,'1','2019-08-13 18:14:56','2019-08-13 18:14:56',0,0),
	(2,1,1,2,'5;6','2019-08-13 18:14:56','2019-08-13 18:14:56',0,0),
	(3,2,1,1,'2','2019-08-13 18:14:56','2019-08-13 18:14:56',0,0),
	(4,2,1,2,'2','2019-08-13 18:14:56','2019-08-13 18:14:56',0,0);

/*!40000 ALTER TABLE `record_details` ENABLE KEYS */;
UNLOCK TABLES;


# Dump of table records
# ------------------------------------------------------------

LOCK TABLES `records` WRITE;
/*!40000 ALTER TABLE `records` DISABLE KEYS */;

INSERT INTO `records` (`id`, `user_id`, `score`, `created_at`, `updated_at`)
VALUES
	(1,1,80,'2019-08-13 18:14:56','2019-08-13 18:14:56'),
	(2,1,60,'2019-08-13 18:14:56','2019-08-13 18:14:56');

/*!40000 ALTER TABLE `records` ENABLE KEYS */;
UNLOCK TABLES;


# Dump of table users
# ------------------------------------------------------------

LOCK TABLES `users` WRITE;
/*!40000 ALTER TABLE `users` DISABLE KEYS */;

INSERT INTO `users` (`id`, `name`, `number`, `grade_id`, `password`, `created_at`, `updated_at`)
VALUES
	(1,'vv','123','2','$2y$10$Aa2XmrCYh5esjqPjbmrNHOyUP2EfuIDARx024TSXhy3RYLsdPo5.G','2019-08-13 17:52:03','2019-08-13 18:14:56'),
	(5,'vtr','456','5','$2y$10$Aa2XmrCYh5esjqPjbmrNHOyUP2EfuIDARx024TSXhy3RYLsdPo5.G','2019-08-15 22:47:20','2019-08-15 22:47:20'),
	(7,'游客',NULL,NULL,'$2y$10$Aa2XmrCYh5esjqPjbmrNHOyUP2EfuIDARx024TSXhy3RYLsdPo5.G','2019-08-16 21:10:40','2019-08-16 21:10:40');

/*!40000 ALTER TABLE `users` ENABLE KEYS */;
UNLOCK TABLES;



/*!40111 SET SQL_NOTES=@OLD_SQL_NOTES */;
/*!40101 SET SQL_MODE=@OLD_SQL_MODE */;
/*!40014 SET FOREIGN_KEY_CHECKS=@OLD_FOREIGN_KEY_CHECKS */;
/*!40101 SET CHARACTER_SET_CLIENT=@OLD_CHARACTER_SET_CLIENT */;
/*!40101 SET CHARACTER_SET_RESULTS=@OLD_CHARACTER_SET_RESULTS */;
/*!40101 SET COLLATION_CONNECTION=@OLD_COLLATION_CONNECTION */;
